index,sell,buy,open,profit,pos_prof,time,pos
13,1,0,7489.1,0.0,0.0,20180531050000,1
15,1,0,7497.0,0.0,0.0,20180531053000,0
16,1,0,7492.0,0.0,0.0,20180531054500,0
17,1,0,7497.9,0.0,0.0,20180531060000,0
18,0,1,7498.1,-11.0,-11.0,20180531061500,1
19,1,0,7599.0,87.89999999999964,98.89999999999964,20180531063000,1
20,0,1,7581.2,103.69999999999982,15.800000000000182,20180531064500,1
21,1,0,7572.98,93.47999999999956,-10.220000000000255,20180531070000,1
23,1,0,7566.4,0.0,0.0,20180531073000,0
24,0,1,7579.9,84.55999999999949,-8.920000000000073,20180531074500,1
27,0,1,7530.5,0.0,0.0,20180531083000,0
28,0,1,7531.3,0.0,0.0,20180531084500,0
31,1,0,7556.5,59.159999999999854,-25.399999999999636,20180531093000,1
33,0,1,7536.7,76.96000000000004,17.800000000000182,20180531100000,1
36,0,1,7522.4,0.0,0.0,20180531104500,0
46,0,1,7505.0,0.0,0.0,20180531131500,0
47,1,0,7525.1,63.36000000000058,-13.599999999999454,20180531133000,1
54,1,0,7570.1,0.0,0.0,20180531151500,0
65,1,0,7580.7,0.0,0.0,20180531180000,0
73,0,1,7538.0,48.460000000000946,-14.899999999999636,20180531200000,1
74,0,1,7544.0,0.0,0.0,20180531201500,0
82,0,1,7441.2,0.0,0.0,20180531221500,0
83,1,0,7447.1,-44.43999999999869,-92.89999999999964,20180531223000,1
84,0,1,7440.0,-39.33999999999833,5.100000000000364,20180531224500,1
85,0,1,7439.9,0.0,0.0,20180531230000,0
86,0,1,7474.1,0.0,0.0,20180531231500,0
88,0,1,7466.4,0.0,0.0,20180531234500,0
89,1,0,7485.9,4.56000000000131,43.899999999999636,20180601000000,1
90,1,0,7499.9,0.0,0.0,20180601001500,0
91,1,0,7508.6,0.0,0.0,20180601003000,0
92,1,0,7500.9,0.0,0.0,20180601004500,0
108,0,1,7473.0,15.460000000000946,10.899999999999636,20180601044500,1
115,1,0,7534.6,75.06000000000131,59.600000000000364,20180601063000,1
116,1,0,7541.7,0.0,0.0,20180601064500,0
117,1,0,7540.0,0.0,0.0,20180601070000,0
118,1,0,7580.1,0.0,0.0,20180601071500,0
119,1,0,7595.9,0.0,0.0,20180601073000,0
120,1,0,7592.1,0.0,0.0,20180601074500,0
123,1,0,7577.7,0.0,0.0,20180601083000,0
127,0,1,7550.3,57.36000000000149,-17.699999999999818,20180601093000,1
128,0,1,7537.7,0.0,0.0,20180601094500,0
129,0,1,7528.7,0.0,0.0,20180601100000,0
137,0,1,7345.8,0.0,0.0,20180601120000,0
138,1,0,7394.5,-100.43999999999869,-157.80000000000018,20180601121500,1
139,0,1,7388.5,-96.43999999999869,4.0,20180601123000,1
140,0,1,7396.0,0.0,0.0,20180601124500,0
141,0,1,7407.0,0.0,0.0,20180601130000,0
142,0,1,7400.0,0.0,0.0,20180601131500,0
143,1,0,7418.8,-68.13999999999851,28.300000000000182,20180601133000,1
144,1,0,7418.3,0.0,0.0,20180601134500,0
145,1,0,7417.9,0.0,0.0,20180601140000,0
163,0,1,7416.8,-68.13999999999851,0.0,20180601183000,1
179,1,0,7517.4,30.460000000000946,98.59999999999945,20180601223000,1
181,1,0,7510.5,0.0,0.0,20180601230000,0
182,1,0,7510.8,0.0,0.0,20180601231500,0
183,1,0,7531.2,0.0,0.0,20180601233000,0
184,1,0,7522.7,0.0,0.0,20180601234500,0
187,0,1,7493.4,52.460000000000946,22.0,20180602003000,1
189,0,1,7470.5,0.0,0.0,20180602010000,0
190,1,0,7493.6,50.66000000000167,-1.7999999999992724,20180602011500,1
194,0,1,7490.5,51.76000000000204,1.1000000000003638,20180602021500,1
207,1,0,7515.0,74.26000000000204,22.5,20180602053000,1
209,1,0,7527.4,0.0,0.0,20180602060000,0
213,1,0,7655.4,0.0,0.0,20180602070000,0
214,0,1,7660.0,-72.73999999999796,-147.0,20180602071500,1
215,1,0,7652.79,-81.949999999998,-9.210000000000036,20180602073000,1
216,1,0,7658.9,0.0,0.0,20180602074500,0
217,1,0,7647.07,0.0,0.0,20180602080000,0
218,1,0,7662.6,0.0,0.0,20180602081500,0
219,0,1,7677.1,-108.2599999999984,-26.3100000000004,20180602083000,1
220,0,1,7660.0,0.0,0.0,20180602084500,0
222,0,1,7632.9,0.0,0.0,20180602091500,0
250,0,1,7599.5,0.0,0.0,20180602161500,0
269,0,1,7620.1,0.0,0.0,20180602210000,0
274,0,1,7628.1,0.0,0.0,20180602221500,0
308,1,0,7740.0,-47.35999999999876,60.899999999999636,20180603064500,1
310,1,0,7720.0,0.0,0.0,20180603071500,0
311,1,0,7724.5,0.0,0.0,20180603073000,0
312,1,0,7725.0,0.0,0.0,20180603074500,0
325,0,1,7699.7,-9.059999999998581,38.30000000000018,20180603110000,1
330,0,1,7700.5,0.0,0.0,20180603121500,0
350,0,1,7690.0,0.0,0.0,20180603171500,0
351,0,1,7680.4,0.0,0.0,20180603173000,0
359,0,1,7674.4,0.0,0.0,20180603193000,0
387,0,1,7687.3,0.0,0.0,20180604023000,0
401,0,1,7663.7,0.0,0.0,20180604060000,0
402,0,1,7654.0,0.0,0.0,20180604061500,0
403,0,1,7649.7,0.0,0.0,20180604063000,0
404,0,1,7604.49,0.0,0.0,20180604064500,0
405,0,1,7576.3,0.0,0.0,20180604070000,0
406,0,1,7595.9,0.0,0.0,20180604071500,0
410,0,1,7586.1,0.0,0.0,20180604081500,0
411,0,1,7597.8,0.0,0.0,20180604083000,0
415,0,1,7588.2,0.0,0.0,20180604093000,0
422,0,1,7545.9,0.0,0.0,20180604111500,0
423,0,1,7540.5,0.0,0.0,20180604113000,0
424,0,1,7527.2,0.0,0.0,20180604114500,0
425,0,1,7514.1,0.0,0.0,20180604120000,0
426,0,1,7532.0,0.0,0.0,20180604121500,0
428,0,1,7531.9,0.0,0.0,20180604124500,0
430,0,1,7519.1,0.0,0.0,20180604131500,0
434,0,1,7465.2,0.0,0.0,20180604141500,0
435,1,0,7484.5,-226.2599999999984,-217.19999999999982,20180604143000,1
437,0,1,7484.3,-228.05999999999858,-1.800000000000182,20180604150000,1
446,0,1,7473.7,0.0,0.0,20180604171500,0
447,0,1,7458.5,0.0,0.0,20180604173000,0
470,0,1,7484.7,0.0,0.0,20180604231500,0
471,0,1,7485.0,0.0,0.0,20180604233000,0
472,0,1,7487.5,0.0,0.0,20180604234500,0
482,0,1,7466.1,0.0,0.0,20180605021500,0
483,0,1,7422.4,0.0,0.0,20180605023000,0
484,0,1,7421.8,0.0,0.0,20180605024500,0
485,0,1,7407.3,0.0,0.0,20180605030000,0
488,0,1,7407.32,0.0,0.0,20180605034500,0
493,0,1,7382.7,0.0,0.0,20180605050000,0
504,0,1,7398.0,0.0,0.0,20180605074500,0
529,1,0,7466.0,-248.35999999999876,-20.300000000000182,20180605153000,1
531,1,0,7582.6,0.0,0.0,20180605160000,0
532,1,0,7564.0,0.0,0.0,20180605161500,0
533,1,0,7544.8,0.0,0.0,20180605163000,0
534,1,0,7559.5,0.0,0.0,20180605164500,0
535,1,0,7565.9,0.0,0.0,20180605170000,0
536,0,1,7572.2,-356.5599999999986,-108.19999999999982,20180605171500,1
537,0,1,7591.5,0.0,0.0,20180605173000,0
538,1,0,7635.34,-295.41999999999825,61.14000000000033,20180605174500,1
539,1,0,7617.1,0.0,0.0,20180605180000,0
540,1,0,7626.9,0.0,0.0,20180605181500,0
542,1,0,7642.73,0.0,0.0,20180605184500,0
553,0,1,7592.5,-254.5799999999981,40.840000000000146,20180605213000,1
554,1,0,7606.3,-242.77999999999793,11.800000000000182,20180605214500,1
555,0,1,7596.2,-234.67999999999756,8.100000000000364,20180605220000,1
588,1,0,7621.7,-211.17999999999756,23.5,20180606061500,1
589,1,0,7643.15,0.0,0.0,20180606063000,0
598,0,1,7606.5,-197.97999999999774,13.199999999999818,20180606084500,1
603,0,1,7600.0,0.0,0.0,20180606100000,0
615,1,0,7657.4,-149.0799999999981,48.899999999999636,20180606130000,1
626,1,0,7661.1,0.0,0.0,20180606154500,0
629,0,1,7563.0,-56.67999999999847,92.39999999999964,20180606163000,1
630,0,1,7535.6,0.0,0.0,20180606164500,0
631,0,1,7520.8,0.0,0.0,20180606170000,0
632,0,1,7527.9,0.0,0.0,20180606171500,0
633,0,1,7513.7,0.0,0.0,20180606173000,0
636,0,1,7507.4,0.0,0.0,20180606181500,0
647,1,0,7614.9,-6.779999999998836,49.899999999999636,20180606210000,1
649,1,0,7684.4,0.0,0.0,20180606213000,0
650,1,0,7653.6,0.0,0.0,20180606214500,0
661,1,0,7672.0,0.0,0.0,20180607003000,0
662,1,0,7682.8,0.0,0.0,20180607004500,0
663,1,0,7729.99,0.0,0.0,20180607010000,0
664,1,0,7745.1,0.0,0.0,20180607011500,0
665,1,0,7737.1,0.0,0.0,20180607013000,0
674,0,1,7709.91,-103.78999999999905,-97.01000000000022,20180607034500,1
717,0,1,7680.5,0.0,0.0,20180607143000,0
720,0,1,7682.9,0.0,0.0,20180607151500,0
721,0,1,7666.3,0.0,0.0,20180607153000,0
722,0,1,7681.1,0.0,0.0,20180607154500,0
729,1,0,7694.1,-121.59999999999854,-17.80999999999949,20180607173000,1
730,1,0,7694.2,0.0,0.0,20180607174500,0
731,0,1,7694.29,-123.78999999999814,-2.1899999999996,20180607180000,1
741,0,1,7667.5,0.0,0.0,20180607203000,0
742,0,1,7668.0,0.0,0.0,20180607204500,0
744,0,1,7655.5,0.0,0.0,20180607211500,0
755,1,0,7689.0,-131.0799999999981,-7.289999999999964,20180608000000,1
757,1,0,7694.1,0.0,0.0,20180608003000,0
767,0,1,7660.2,-104.27999999999793,26.800000000000182,20180608030000,1
768,0,1,7643.1,0.0,0.0,20180608031500,0
769,0,1,7646.4,0.0,0.0,20180608033000,0
771,0,1,7635.7,0.0,0.0,20180608040000,0
774,0,1,7618.4,0.0,0.0,20180608044500,0
788,0,1,7613.22,0.0,0.0,20180608081500,0
797,0,1,7582.0,0.0,0.0,20180608103000,0
798,0,1,7573.8,0.0,0.0,20180608104500,0
799,0,1,7570.39,0.0,0.0,20180608110000,0
800,0,1,7553.1,0.0,0.0,20180608111500,0
803,0,1,7563.3,0.0,0.0,20180608120000,0
804,1,0,7572.0,-194.47999999999774,-90.19999999999982,20180608121500,1
806,0,1,7552.0,-176.47999999999774,18.0,20180608124500,1
819,1,0,7636.4,-94.07999999999811,82.39999999999964,20180608160000,1
821,1,0,7644.7,0.0,0.0,20180608163000,0
822,1,0,7663.2,0.0,0.0,20180608164500,0
823,1,0,7652.0,0.0,0.0,20180608170000,0
851,0,1,7615.2,-74.87999999999829,19.199999999999818,20180609000000,1
860,1,0,7669.6,-22.479999999997744,52.400000000000546,20180609021500,1
884,0,1,7645.8,-0.6799999999975626,21.800000000000182,20180609081500,1
887,0,1,7630.0,0.0,0.0,20180609090000,0
903,0,1,7608.6,0.0,0.0,20180609130000,0
904,0,1,7580.0,0.0,0.0,20180609131500,0
905,1,0,7597.4,-51.07999999999811,-50.400000000000546,20180609133000,1
906,0,1,7600.0,-55.67999999999847,-4.600000000000364,20180609134500,1
920,0,1,7580.6,0.0,0.0,20180609171500,0
942,0,1,7594.1,0.0,0.0,20180609224500,0
947,0,1,7498.5,0.0,0.0,20180610000000,0
948,0,1,7445.5,0.0,0.0,20180610001500,0
949,0,1,7370.8,0.0,0.0,20180610003000,0
950,1,0,7392.32,-265.35999999999876,-209.6800000000003,20180610004500,1
951,0,1,7270.1,-145.13999999999942,120.21999999999935,20180610010000,1
952,1,0,7311.3,-105.9399999999996,39.19999999999982,20180610011500,1
953,0,1,7302.2,-98.83999999999924,7.100000000000364,20180610013000,1
954,0,1,7335.0,0.0,0.0,20180610014500,0
955,0,1,7322.1,0.0,0.0,20180610020000,0
956,0,1,7319.0,0.0,0.0,20180610021500,0
957,0,1,7308.6,0.0,0.0,20180610023000,0
958,0,1,7306.3,0.0,0.0,20180610024500,0
961,0,1,7293.6,0.0,0.0,20180610033000,0
962,0,1,7280.2,0.0,0.0,20180610034500,0
963,0,1,7277.0,0.0,0.0,20180610040000,0
964,1,0,7309.5,-93.53999999999905,5.300000000000182,20180610041500,1
967,0,1,7282.6,-68.63999999999942,24.899999999999636,20180610050000,1
977,0,1,7281.5,0.0,0.0,20180610073000,0
978,0,1,7213.9,0.0,0.0,20180610074500,0
979,0,1,7194.3,0.0,0.0,20180610080000,0
980,1,0,7210.6,-142.63999999999942,-74.0,20180610081500,1
981,0,1,7188.7,-122.73999999999887,19.900000000000546,20180610083000,1
982,0,1,7205.6,0.0,0.0,20180610084500,0
983,0,1,7212.8,0.0,0.0,20180610090000,0
984,1,0,7230.9,-82.53999999999905,40.19999999999982,20180610091500,1
985,1,0,7241.3,0.0,0.0,20180610093000,0
986,1,0,7222.8,0.0,0.0,20180610094500,0
1013,0,1,7200.0,-53.63999999999942,28.899999999999636,20180610163000,1
1015,0,1,7191.82,0.0,0.0,20180610170000,0
1016,0,1,7083.0,0.0,0.0,20180610171500,0
1017,1,0,7075.5,-180.13999999999942,-126.5,20180610173000,1
1018,0,1,6850.3,43.0600000000004,223.19999999999982,20180610174500,1
1019,0,1,6734.8,0.0,0.0,20180610180000,0
1020,0,1,6640.2,0.0,0.0,20180610181500,0
1021,1,0,6720.2,-89.03999999999996,-132.10000000000036,20180610183000,1
1022,0,1,6742.9,-113.73999999999978,-24.699999999999818,20180610184500,1
1023,0,1,6739.5,0.0,0.0,20180610190000,0
1024,0,1,6718.5,0.0,0.0,20180610191500,0
1025,0,1,6735.6,0.0,0.0,20180610193000,0
1026,1,0,6818.8,-39.839999999999236,73.90000000000055,20180610194500,1
1027,1,0,6825.5,0.0,0.0,20180610200000,0
1029,0,1,6762.4,14.56000000000131,54.400000000000546,20180610203000,1
1030,1,0,6756.0,6.1600000000016735,-8.399999999999636,20180610204500,1
1031,0,1,6702.7,57.460000000001855,51.30000000000018,20180610210000,1
1032,1,0,6728.0,80.76000000000204,23.300000000000182,20180610211500,1
1033,0,1,6677.2,129.56000000000222,48.80000000000018,20180610213000,1
1034,1,0,6755.7,206.06000000000222,76.5,20180610214500,1
1035,0,1,6723.49,236.27000000000226,30.210000000000036,20180610220000,1
1036,0,1,6732.9,0.0,0.0,20180610221500,0
1037,0,1,6686.0,0.0,0.0,20180610223000,0
1038,1,0,6695.0,205.78000000000247,-30.48999999999978,20180610224500,1
1039,0,1,6669.8,228.9800000000023,23.199999999999818,20180610230000,1
1040,1,0,6733.3,290.4800000000023,61.5,20180610231500,1
1042,0,1,6722.5,299.2800000000025,8.800000000000182,20180610234500,1
1043,1,0,6757.9,332.6800000000021,33.399999999999636,20180611000000,1
1045,1,0,6740.5,0.0,0.0,20180611003000,0
1047,1,0,6714.5,0.0,0.0,20180611010000,0
1052,1,0,6777.0,0.0,0.0,20180611021500,0
1053,1,0,6795.6,0.0,0.0,20180611023000,0
1056,1,0,6784.1,0.0,0.0,20180611031500,0
1060,0,1,6749.22,339.3600000000015,6.6799999999993815,20180611041500,1
1065,0,1,6748.1,0.0,0.0,20180611053000,0
1068,0,1,6714.36,0.0,0.0,20180611061500,0
1069,1,0,6745.5,333.64000000000124,-5.720000000000255,20180611063000,1
1075,0,1,6632.6,444.5400000000009,110.89999999999964,20180611080000,1
1076,1,0,6736.83,546.7700000000004,102.22999999999956,20180611081500,1
1077,0,1,6764.0,517.6000000000004,-29.170000000000073,20180611083000,1
1078,0,1,6779.2,0.0,0.0,20180611084500,0
1079,1,0,6782.3,533.9000000000005,16.300000000000182,20180611090000,1
1080,0,1,6755.0,559.2000000000007,25.300000000000182,20180611091500,1
1081,1,0,6773.7,575.9000000000005,16.699999999999818,20180611093000,1
1082,1,0,6772.6,0.0,0.0,20180611094500,0
1085,0,1,6737.8,609.8000000000002,33.899999999999636,20180611103000,1
1094,0,1,6738.8,0.0,0.0,20180611124500,0
1095,1,0,6761.5,631.5,21.699999999999818,20180611130000,1
1100,0,1,6717.62,673.3800000000001,41.88000000000011,20180611141500,1
1101,0,1,6700.7,0.0,0.0,20180611143000,0
1102,1,0,6720.3,674.0600000000004,0.680000000000291,20180611144500,1
1103,0,1,6707.3,685.0600000000004,11.0,20180611150000,1
1105,0,1,6671.2,0.0,0.0,20180611153000,0
1106,1,0,6691.9,667.6599999999999,-17.400000000000546,20180611154500,1
1107,0,1,6692.7,664.8599999999997,-2.800000000000182,20180611160000,1
1108,0,1,6727.7,0.0,0.0,20180611161500,0
1110,1,0,6718.2,688.3599999999997,23.5,20180611164500,1
1116,0,1,6699.7,704.8599999999997,16.5,20180611181500,1
1119,0,1,6744.7,0.0,0.0,20180611190000,0
1122,1,0,6751.4,754.5599999999995,49.69999999999982,20180611194500,1
1123,1,0,6756.0,0.0,0.0,20180611200000,0
1137,1,0,6794.0,0.0,0.0,20180611233000,0
1138,1,0,6873.4,0.0,0.0,20180611234500,0
1139,1,0,6873.4,0.0,0.0,20180612000000,0
1140,1,0,6849.8,0.0,0.0,20180612001500,0
1154,0,1,6833.1,670.8599999999988,-83.70000000000073,20180612034500,1
1155,0,1,6811.5,0.0,0.0,20180612040000,0
1157,0,1,6816.9,0.0,0.0,20180612043000,0
1160,0,1,6823.4,0.0,0.0,20180612051500,0
1172,0,1,6801.0,0.0,0.0,20180612081500,0
1173,1,0,6845.9,681.659999999998,10.799999999999272,20180612083000,1
1185,0,1,6817.48,708.0799999999981,26.420000000000073,20180612113000,1
1191,0,1,6722.4,0.0,0.0,20180612130000,0
1192,1,0,6724.4,612.9999999999982,-95.07999999999993,20180612131500,1
1193,0,1,6730.1,605.2999999999975,-7.700000000000728,20180612133000,1
1194,0,1,6719.4,0.0,0.0,20180612134500,0
1197,0,1,6751.0,0.0,0.0,20180612143000,0
1198,1,0,6764.9,638.0999999999967,32.79999999999927,20180612144500,1
1206,0,1,6732.5,668.4999999999964,30.399999999999636,20180612164500,1
1209,0,1,6731.1,0.0,0.0,20180612173000,0
1211,0,1,6720.4,0.0,0.0,20180612180000,0
1212,0,1,6675.9,0.0,0.0,20180612181500,0
1213,1,0,6710.7,644.6999999999962,-23.800000000000182,20180612183000,1
1214,0,1,6695.5,657.899999999996,13.199999999999818,20180612184500,1
1215,0,1,6684.1,0.0,0.0,20180612190000,0
1216,0,1,6526.0,0.0,0.0,20180612191500,0
1217,1,0,6508.02,468.41999999999643,-189.47999999999956,20180612193000,1
1218,0,1,6508.2,466.23999999999705,-2.1799999999993815,20180612194500,1
1219,0,1,6498.6,0.0,0.0,20180612200000,0
1220,0,1,6533.8,0.0,0.0,20180612201500,0
1221,1,0,6537.9,493.93999999999687,27.699999999999818,20180612203000,1
1222,0,1,6533.6,496.23999999999614,2.2999999999992724,20180612204500,1
1223,0,1,6525.0,0.0,0.0,20180612210000,0
1224,0,1,6516.1,0.0,0.0,20180612211500,0
1233,0,1,6502.1,0.0,0.0,20180612233000,0
1234,0,1,6505.8,0.0,0.0,20180612234500,0
1235,1,0,6543.9,504.5399999999954,8.299999999999272,20180613000000,1
1253,0,1,6526.4,520.0399999999954,15.5,20180613043000,1
1254,1,0,6568.9,560.5399999999954,40.5,20180613044500,1
1257,0,1,6563.7,563.7399999999952,3.199999999999818,20180613053000,1
1258,0,1,6558.2,0.0,0.0,20180613054500,0
1259,1,0,6570.1,568.1399999999958,4.400000000000546,20180613060000,1
1266,0,1,6546.0,590.2399999999961,22.100000000000364,20180613074500,1
1267,0,1,6544.1,0.0,0.0,20180613080000,0
1268,0,1,6525.8,0.0,0.0,20180613081500,0
1269,1,0,6546.0,588.2399999999961,-2.0,20180613083000,1
1271,0,1,6522.7,609.5399999999963,21.300000000000182,20180613090000,1
1272,0,1,6523.9,0.0,0.0,20180613091500,0
1273,0,1,6499.0,0.0,0.0,20180613093000,0
1274,0,1,6420.9,0.0,0.0,20180613094500,0
1275,0,1,6400.4,0.0,0.0,20180613100000,0
1276,1,0,6415.1,499.93999999999687,-109.59999999999945,20180613101500,1
1277,0,1,6454.8,458.23999999999705,-41.69999999999982,20180613103000,1
1279,0,1,6432.5,0.0,0.0,20180613110000,0
1280,0,1,6428.7,0.0,0.0,20180613111500,0
1281,0,1,6422.6,0.0,0.0,20180613113000,0
1282,1,0,6439.98,441.41999999999643,-16.82000000000062,20180613114500,1
1283,1,0,6447.3,0.0,0.0,20180613120000,0
1284,1,0,6464.6,0.0,0.0,20180613121500,0
1288,1,0,6469.4,0.0,0.0,20180613131500,0
1289,1,0,6475.3,0.0,0.0,20180613133000,0
1292,0,1,6440.5,438.899999999996,-2.5200000000004366,20180613141500,1
1293,0,1,6424.1,0.0,0.0,20180613143000,0
1295,0,1,6429.9,0.0,0.0,20180613150000,0
1298,0,1,6428.0,0.0,0.0,20180613154500,0
1299,0,1,6375.0,0.0,0.0,20180613160000,0
1300,1,0,6383.0,379.399999999996,-59.5,20180613161500,1
1301,0,1,6155.5,604.899999999996,225.5,20180613163000,1
1302,1,0,6220.1,667.4999999999964,62.600000000000364,20180613164500,1
1303,0,1,6277.0,608.5999999999967,-58.899999999999636,20180613170000,1
1304,0,1,6249.5,0.0,0.0,20180613171500,0
1305,0,1,6273.6,0.0,0.0,20180613173000,0
1307,1,0,6318.0,647.5999999999967,39.0,20180613180000,1
1308,0,1,6324.7,638.8999999999969,-8.699999999999818,20180613181500,1
1309,1,0,6313.6,625.7999999999975,-13.099999999999454,20180613183000,1
1310,1,0,6329.15,0.0,0.0,20180613184500,0
1312,0,1,6273.4,663.9999999999982,38.20000000000073,20180613191500,1
1317,0,1,6247.9,0.0,0.0,20180613203000,0
1318,0,1,6256.5,0.0,0.0,20180613204500,0
1321,0,1,6233.1,0.0,0.0,20180613213000,0
1322,1,0,6257.8,646.3999999999987,-17.599999999999454,20180613214500,1
1325,1,0,6296.5,0.0,0.0,20180613223000,0
1326,1,0,6308.1,0.0,0.0,20180613224500,0
1327,1,0,6325.1,0.0,0.0,20180613230000,0
1328,1,0,6319.9,0.0,0.0,20180613231500,0
1335,0,1,6273.2,628.9999999999991,-17.399999999999636,20180614010000,1
1336,1,0,6308.9,662.6999999999989,33.69999999999982,20180614011500,1
1338,0,1,6306.2,663.3999999999987,0.6999999999998181,20180614014500,1
1340,1,0,6414.9,770.0999999999985,106.69999999999982,20180614021500,1
1341,0,1,6420.7,762.2999999999984,-7.800000000000182,20180614023000,1
1342,1,0,6473.2,812.7999999999984,50.5,20180614024500,1
1343,1,0,6471.2,0.0,0.0,20180614030000,0
1344,1,0,6476.0,0.0,0.0,20180614031500,0
1345,1,0,6479.8,0.0,0.0,20180614033000,0
1346,0,1,6477.8,806.199999999998,-6.600000000000364,20180614034500,1
1347,0,1,6487.9,0.0,0.0,20180614040000,0
1353,0,1,6450.0,0.0,0.0,20180614053000,0
1364,1,0,6538.3,864.699999999998,58.5,20180614081500,1
1367,1,0,6484.2,0.0,0.0,20180614090000,0
1368,1,0,6495.4,0.0,0.0,20180614091500,0
1377,1,0,6515.8,0.0,0.0,20180614113000,0
1379,1,0,6523.3,0.0,0.0,20180614120000,0
1384,0,1,6434.0,966.9999999999982,102.30000000000018,20180614131500,1
1385,0,1,6386.7,0.0,0.0,20180614133000,0
1386,0,1,6388.0,0.0,0.0,20180614134500,0
1387,0,1,6371.8,0.0,0.0,20180614140000,0
1388,0,1,6392.7,0.0,0.0,20180614141500,0
1390,1,0,6420.0,950.9999999999982,-16.0,20180614144500,1
1392,1,0,6414.0,0.0,0.0,20180614151500,0
1393,0,1,6380.0,988.9999999999982,38.0,20180614153000,1
1394,0,1,6380.7,0.0,0.0,20180614154500,0
1395,0,1,6349.9,0.0,0.0,20180614160000,0
1396,1,0,6373.7,980.699999999998,-8.300000000000182,20180614161500,1
1399,1,0,6521.1,0.0,0.0,20180614170000,0
1400,1,0,6555.0,0.0,0.0,20180614171500,0
1401,1,0,6595.0,0.0,0.0,20180614173000,0
1402,1,0,6600.4,0.0,0.0,20180614174500,0
1403,1,0,6611.2,0.0,0.0,20180614180000,0
1404,1,0,6652.6,0.0,0.0,20180614181500,0
1405,1,0,6661.9,0.0,0.0,20180614183000,0
1406,1,0,6631.7,0.0,0.0,20180614184500,0
1407,1,0,6650.0,0.0,0.0,20180614190000,0
1408,0,1,6614.6,737.7999999999975,-242.90000000000055,20180614191500,1
1409,1,0,6617.7,738.8999999999969,1.0999999999994543,20180614193000,1
1410,1,0,6643.1,0.0,0.0,20180614194500,0
1414,1,0,6652.2,0.0,0.0,20180614204500,0
1422,0,1,6600.0,754.5999999999967,15.699999999999818,20180614224500,1
1424,0,1,6597.2,0.0,0.0,20180614231500,0
1425,0,1,6589.8,0.0,0.0,20180614233000,0
1426,0,1,6621.5,0.0,0.0,20180614234500,0
1430,0,1,6598.5,0.0,0.0,20180615004500,0
1434,0,1,6580.8,0.0,0.0,20180615014500,0
1436,0,1,6570.0,0.0,0.0,20180615021500,0
1437,0,1,6558.2,0.0,0.0,20180615023000,0
1447,0,1,6559.9,0.0,0.0,20180615050000,0
1448,0,1,6553.3,0.0,0.0,20180615051500,0
1455,1,0,6580.7,733.2999999999965,-21.300000000000182,20180615070000,1
1472,1,0,6609.9,0.0,0.0,20180615111500,0
1473,0,1,6484.2,827.7999999999965,94.5,20180615113000,1
1474,1,0,6507.1,848.6999999999971,20.900000000000546,20180615114500,1
1475,0,1,6529.5,824.2999999999975,-24.399999999999636,20180615120000,1
1476,0,1,6521.1,0.0,0.0,20180615121500,0
1477,0,1,6528.2,0.0,0.0,20180615123000,0
1478,0,1,6492.2,0.0,0.0,20180615124500,0
1479,0,1,6502.8,0.0,0.0,20180615130000,0
1483,0,1,6502.0,0.0,0.0,20180615140000,0
1484,0,1,6485.0,0.0,0.0,20180615141500,0
1485,1,0,6511.1,803.8999999999978,-20.399999999999636,20180615143000,1
1493,1,0,6577.0,0.0,0.0,20180615163000,0
1497,0,1,6516.2,796.7999999999984,-7.099999999999454,20180615173000,1
1509,0,1,6472.0,0.0,0.0,20180615203000,0
1510,1,0,6486.2,764.7999999999984,-32.0,20180615204500,1
1511,0,1,6494.5,754.4999999999982,-10.300000000000182,20180615210000,1
1512,0,1,6478.3,0.0,0.0,20180615211500,0
1513,0,1,6484.1,0.0,0.0,20180615213000,0
1514,0,1,6476.1,0.0,0.0,20180615214500,0
1517,0,1,6431.0,0.0,0.0,20180615223000,0
1518,1,0,6446.4,704.3999999999978,-50.100000000000364,20180615224500,1
1519,0,1,6404.7,744.0999999999976,39.69999999999982,20180615230000,1
1520,0,1,6394.3,0.0,0.0,20180615231500,0
1521,0,1,6381.4,0.0,0.0,20180615233000,0
1522,1,0,6407.1,744.4999999999982,0.4000000000005457,20180615234500,1
1524,0,1,6414.5,735.0999999999985,-9.399999999999636,20180616001500,1
1525,0,1,6397.6,0.0,0.0,20180616003000,0
1526,0,1,6414.7,0.0,0.0,20180616004500,0
1527,0,1,6394.7,0.0,0.0,20180616010000,0
1531,1,0,6443.6,762.1999999999989,27.100000000000364,20180616020000,1
1538,0,1,6408.3,795.4999999999991,33.30000000000018,20180616034500,1
1545,1,0,6448.15,833.3499999999985,37.849999999999454,20180616053000,1
1546,1,0,6472.3,0.0,0.0,20180616054500,0
1549,1,0,6475.0,0.0,0.0,20180616063000,0
1550,0,1,6452.3,827.199999999998,-6.150000000000546,20180616064500,1
1556,0,1,6431.5,0.0,0.0,20180616081500,0
1564,1,0,6480.5,853.3999999999978,26.199999999999818,20180616101500,1
1573,0,1,6442.9,888.9999999999982,35.600000000000364,20180616123000,1
1575,0,1,6433.0,0.0,0.0,20180616130000,0
1576,0,1,6392.0,0.0,0.0,20180616131500,0
1577,0,1,6393.8,0.0,0.0,20180616133000,0
1578,0,1,6390.0,0.0,0.0,20180616134500,0
1586,0,1,6346.15,0.0,0.0,20180616154500,0
1587,1,0,6360.3,804.3999999999987,-84.59999999999945,20180616160000,1
1588,0,1,6348.8,813.8999999999987,9.5,20180616161500,1
1590,1,0,6435.7,898.7999999999984,84.89999999999964,20180616164500,1
1591,1,0,6517.6,0.0,0.0,20180616170000,0
1592,0,1,6491.8,840.699999999998,-58.100000000000364,20180616171500,1
1593,1,0,6503.3,850.199999999998,9.5,20180616173000,1
1594,1,0,6514.0,0.0,0.0,20180616174500,0
1595,1,0,6523.4,0.0,0.0,20180616180000,0
1596,0,1,6521.1,830.3999999999978,-19.800000000000182,20180616181500,1
1602,0,1,6489.7,0.0,0.0,20180616194500,0
1608,1,0,6545.7,852.9999999999973,22.599999999999454,20180616211500,1
1616,0,1,6499.0,897.6999999999971,44.69999999999982,20180616231500,1
1617,0,1,6495.3,0.0,0.0,20180616233000,0
1618,1,0,6505.0,901.6999999999971,4.0,20180616234500,1
1619,0,1,6489.0,915.6999999999971,14.0,20180617000000,1
1670,0,1,6478.4,0.0,0.0,20180617124500,0
1671,0,1,6455.7,0.0,0.0,20180617130000,0
1672,1,0,6483.7,908.3999999999969,-7.300000000000182,20180617131500,1
1676,0,1,6478.9,911.1999999999971,2.800000000000182,20180617141500,1
1683,1,0,6520.0,950.2999999999975,39.100000000000364,20180617160000,1
1700,0,1,6490.0,978.2999999999975,28.0,20180617201500,1
1703,0,1,6489.98,0.0,0.0,20180617210000,0
1706,0,1,6479.9,0.0,0.0,20180617214500,0
1712,0,1,6455.2,0.0,0.0,20180617231500,0
1713,0,1,6426.9,0.0,0.0,20180617233000,0
1716,0,1,6442.9,0.0,0.0,20180618001500,0
1718,0,1,6430.9,0.0,0.0,20180618004500,0
1719,0,1,6398.7,0.0,0.0,20180618010000,0
1720,0,1,6409.0,0.0,0.0,20180618011500,0
1724,0,1,6412.7,0.0,0.0,20180618021500,0
1725,0,1,6414.6,0.0,0.0,20180618023000,0
1750,1,0,6491.6,977.8999999999978,-0.3999999999996362,20180618084500,1
1752,1,0,6468.0,0.0,0.0,20180618091500,0
1758,0,1,6432.3,1035.199999999998,57.30000000000018,20180618104500,1
1759,0,1,6430.0,0.0,0.0,20180618110000,0
1760,0,1,6417.0,0.0,0.0,20180618111500,0
1761,0,1,6407.0,0.0,0.0,20180618113000,0
1762,1,0,6425.1,1025.9999999999982,-9.199999999999818,20180618114500,1
1775,1,0,6454.0,0.0,0.0,20180618150000,0
1781,1,0,6695.2,0.0,0.0,20180618163000,0
1782,0,1,6672.2,776.8999999999987,-249.09999999999945,20180618164500,1
1783,0,1,6643.3,0.0,0.0,20180618170000,0
1784,1,0,6792.1,894.7999999999993,117.90000000000055,20180618171500,1
1785,1,0,6757.9,0.0,0.0,20180618173000,0
1786,1,0,6732.3,0.0,0.0,20180618174500,0
1787,1,0,6727.0,0.0,0.0,20180618180000,0
1788,1,0,6726.1,0.0,0.0,20180618181500,0
1789,0,1,6751.1,933.7999999999993,39.0,20180618183000,1
1790,0,1,6729.4,0.0,0.0,20180618184500,0
1793,0,1,6712.2,0.0,0.0,20180618193000,0
1794,0,1,6694.0,0.0,0.0,20180618194500,0
1795,0,1,6699.0,0.0,0.0,20180618200000,0
1823,0,1,6686.2,0.0,0.0,20180619030000,0
1824,0,1,6683.0,0.0,0.0,20180619031500,0
1834,1,0,6710.4,891.0999999999985,-42.70000000000073,20180619054500,1
1839,0,1,6680.79,918.7099999999982,27.609999999999673,20180619070000,1
1840,0,1,6669.0,0.0,0.0,20180619071500,0
1858,1,0,6748.1,984.0199999999986,65.3100000000004,20180619114500,1
1861,1,0,6729.02,0.0,0.0,20180619123000,0
1863,1,0,6761.8,0.0,0.0,20180619130000,0
1864,1,0,6821.4,0.0,0.0,20180619131500,0
1865,0,1,6769.9,960.2199999999993,-23.799999999999272,20180619133000,1
1866,1,0,6781.5,969.8199999999997,9.600000000000364,20180619134500,1
1868,1,0,6739.7,0.0,0.0,20180619141500,0
1870,0,1,6734.5,1014.8199999999997,45.0,20180619144500,1
1876,0,1,6695.4,0.0,0.0,20180619161500,0
1877,1,0,6693.0,971.3199999999997,-43.5,20180619163000,1
1878,0,1,6698.0,964.3199999999997,-7.0,20180619164500,1
1881,0,1,6698.1,0.0,0.0,20180619173000,0
1894,0,1,6692.2,0.0,0.0,20180619204500,0
1911,0,1,6670.1,0.0,0.0,20180620010000,0
1912,0,1,6581.7,0.0,0.0,20180620011500,0
1913,1,0,6576.4,840.7199999999993,-123.60000000000036,20180620013000,1
1914,0,1,6591.5,823.619999999999,-17.100000000000364,20180620014500,1
1915,0,1,6620.0,0.0,0.0,20180620020000,0
1917,0,1,6595.7,0.0,0.0,20180620023000,0
1919,0,1,6604.11,0.0,0.0,20180620030000,0
1924,0,1,6588.0,0.0,0.0,20180620041500,0
1935,1,0,6624.7,854.8199999999988,31.199999999999818,20180620070000,1
1961,1,0,6723.2,0.0,0.0,20180620133000,0
1963,1,0,6730.0,0.0,0.0,20180620140000,0
1964,1,0,6766.65,0.0,0.0,20180620141500,0
1965,1,0,6754.2,0.0,0.0,20180620143000,0
1966,1,0,6754.3,0.0,0.0,20180620144500,0
1967,1,0,6757.6,0.0,0.0,20180620150000,0
1968,0,1,6752.1,725.4199999999983,-129.40000000000055,20180620151500,1
1972,1,0,6782.0,753.3199999999979,27.899999999999636,20180620161500,1
1995,0,1,6717.9,815.4199999999983,62.100000000000364,20180620220000,1
1996,0,1,6721.1,0.0,0.0,20180620221500,0
1998,0,1,6713.8,0.0,0.0,20180620224500,0
2037,0,1,6731.9,0.0,0.0,20180621083000,0
2038,0,1,6725.7,0.0,0.0,20180621084500,0
2055,0,1,6716.0,0.0,0.0,20180621130000,0
2056,0,1,6715.5,0.0,0.0,20180621131500,0
2061,0,1,6710.0,0.0,0.0,20180621143000,0
2073,0,1,6704.9,0.0,0.0,20180621173000,0
2079,0,1,6698.8,0.0,0.0,20180621190000,0
2106,0,1,6643.7,0.0,0.0,20180622014500,0
2107,1,0,6640.8,736.3199999999988,-79.09999999999945,20180622020000,1
2108,0,1,6632.8,742.3199999999988,6.0,20180622021500,1
2109,0,1,6650.6,0.0,0.0,20180622023000,0
2111,1,0,6663.1,770.619999999999,28.300000000000182,20180622030000,1
2113,1,0,6667.6,0.0,0.0,20180622033000,0
2128,0,1,6507.3,924.4199999999992,153.80000000000018,20180622071500,1
2129,1,0,6513.3,928.4199999999992,4.0,20180622073000,1
2130,0,1,6478.1,961.619999999999,33.19999999999982,20180622074500,1
2131,0,1,6501.0,0.0,0.0,20180622080000,0
2132,0,1,6505.0,0.0,0.0,20180622081500,0
2133,0,1,6487.0,0.0,0.0,20180622083000,0
2134,0,1,6370.2,0.0,0.0,20180622084500,0
2135,1,0,6403.3,884.8199999999988,-76.80000000000018,20180622090000,1
2136,0,1,6385.2,900.9199999999992,16.100000000000364,20180622091500,1
2137,0,1,6385.0,0.0,0.0,20180622093000,0
2138,0,1,6390.0,0.0,0.0,20180622094500,0
2139,0,1,6306.4,0.0,0.0,20180622100000,0
2140,1,0,6332.2,845.9199999999992,-55.0,20180622101500,1
2141,1,0,6349.2,0.0,0.0,20180622103000,0
2142,0,1,6341.8,834.3199999999988,-11.600000000000364,20180622104500,1
2143,0,1,6363.1,0.0,0.0,20180622110000,0
2146,0,1,6338.4,0.0,0.0,20180622114500,0
2152,0,1,6237.3,0.0,0.0,20180622131500,0
2153,0,1,6163.6,0.0,0.0,20180622133000,0
2154,1,0,6131.1,621.619999999999,-212.69999999999982,20180622134500,1
2155,0,1,6124.0,626.7199999999993,5.100000000000364,20180622140000,1
2156,0,1,6159.3,0.0,0.0,20180622141500,0
2157,0,1,6181.5,0.0,0.0,20180622143000,0
2158,0,1,6179.0,0.0,0.0,20180622144500,0
2159,0,1,6164.4,0.0,0.0,20180622150000,0
2160,0,1,6170.4,0.0,0.0,20180622151500,0
2162,0,1,6127.3,0.0,0.0,20180622154500,0
2163,1,0,6153.0,653.7199999999993,27.0,20180622160000,1
2164,0,1,6117.0,687.7199999999993,34.0,20180622161500,1
2165,0,1,6129.0,0.0,0.0,20180622163000,0
2166,1,0,6155.7,724.4199999999992,36.69999999999982,20180622164500,1
2169,0,1,6146.0,732.119999999999,7.699999999999818,20180622173000,1
2175,1,0,6209.9,794.0199999999986,61.899999999999636,20180622190000,1
2177,1,0,6227.2,0.0,0.0,20180622193000,0
2179,0,1,6188.3,813.6199999999981,19.599999999999454,20180622200000,1
2180,0,1,6141.5,0.0,0.0,20180622201500,0
2181,0,1,6048.5,0.0,0.0,20180622203000,0
2182,1,0,6050.0,673.3199999999979,-140.30000000000018,20180622204500,1
2183,0,1,6051.0,670.3199999999979,-3.0,20180622210000,1
2184,0,1,5980.0,0.0,0.0,20180622211500,0
2185,0,1,5990.0,0.0,0.0,20180622213000,0
2186,0,1,5995.0,0.0,0.0,20180622214500,0
2189,0,1,6016.6,0.0,0.0,20180622223000,0
2190,1,0,6075.0,692.3199999999979,22.0,20180622224500,1
2194,0,1,6019.9,745.4199999999983,53.100000000000364,20180622234500,1
2195,1,0,6042.6,766.119999999999,20.700000000000728,20180623000000,1
2196,1,0,6051.8,0.0,0.0,20180623001500,0
2197,1,0,6100.0,0.0,0.0,20180623003000,0
2198,1,0,6136.7,0.0,0.0,20180623004500,0
2199,1,0,6129.2,0.0,0.0,20180623010000,0
2202,1,0,6126.8,0.0,0.0,20180623014500,0
2203,1,0,6130.0,0.0,0.0,20180623020000,0
2204,1,0,6142.4,0.0,0.0,20180623021500,0
2210,0,1,6104.0,702.7199999999993,-63.399999999999636,20180623034500,1
2211,0,1,6101.0,0.0,0.0,20180623040000,0
2212,0,1,6093.8,0.0,0.0,20180623041500,0
2213,1,0,6127.2,723.9199999999992,21.199999999999818,20180623043000,1
2215,0,1,6101.2,747.9199999999992,24.0,20180623050000,1
2216,1,0,6115.6,760.3199999999997,12.400000000000546,20180623051500,1
2219,0,1,6075.4,798.5200000000004,38.20000000000073,20180623060000,1
2220,0,1,6052.9,0.0,0.0,20180623061500,0
2221,0,1,6034.0,0.0,0.0,20180623063000,0
2222,0,1,6041.0,0.0,0.0,20180623064500,0
2225,1,0,6089.1,810.2200000000012,11.700000000000728,20180623073000,1
2227,1,0,6095.8,0.0,0.0,20180623080000,0
2228,1,0,6098.9,0.0,0.0,20180623081500,0
2229,1,0,6100.0,0.0,0.0,20180623083000,0
2232,1,0,6085.9,0.0,0.0,20180623091500,0
2234,1,0,6123.0,0.0,0.0,20180623094500,0
2243,1,0,6132.8,0.0,0.0,20180623120000,0
2252,0,1,6099.0,798.3200000000015,-11.899999999999636,20180623141500,1
2255,0,1,6100.6,0.0,0.0,20180623150000,0
2257,0,1,6079.4,0.0,0.0,20180623153000,0
2258,0,1,6086.4,0.0,0.0,20180623154500,0
2260,1,0,6120.9,818.2200000000012,19.899999999999636,20180623161500,1
2273,1,0,6138.3,0.0,0.0,20180623193000,0
2277,0,1,6112.4,824.7200000000012,6.5,20180623203000,1
2280,1,0,6147.6,857.9200000000019,33.20000000000073,20180623211500,1
2283,1,0,6209.62,0.0,0.0,20180623220000,0
2284,1,0,6213.7,0.0,0.0,20180623221500,0
2289,0,1,6154.2,849.3200000000024,-8.599999999999454,20180623233000,1
2291,0,1,6152.0,0.0,0.0,20180624000000,0
2292,0,1,6140.0,0.0,0.0,20180624001500,0
2293,0,1,6120.1,0.0,0.0,20180624003000,0
2294,0,1,6109.39,0.0,0.0,20180624004500,0
2295,0,1,6115.3,0.0,0.0,20180624010000,0
2297,0,1,6087.2,0.0,0.0,20180624013000,0
2298,1,0,6110.9,804.0200000000023,-45.30000000000018,20180624014500,1
2299,0,1,6095.5,817.4200000000019,13.399999999999636,20180624020000,1
2300,0,1,6089.6,0.0,0.0,20180624021500,0
2301,1,0,6103.2,823.1200000000017,5.699999999999818,20180624023000,1
2304,0,1,6084.6,839.7200000000012,16.599999999999454,20180624031500,1
2307,0,1,6060.6,0.0,0.0,20180624040000,0
2308,0,1,6040.2,0.0,0.0,20180624041500,0
2309,0,1,5951.7,0.0,0.0,20180624043000,0
2310,0,1,5911.0,0.0,0.0,20180624044500,0
2311,0,1,5898.6,0.0,0.0,20180624050000,0
2312,0,1,5856.3,0.0,0.0,20180624051500,0
2313,0,1,5898.2,0.0,0.0,20180624053000,0
2314,0,1,5887.0,0.0,0.0,20180624054500,0
2315,0,1,5877.6,0.0,0.0,20180624060000,0
2316,0,1,5826.9,0.0,0.0,20180624061500,0
2317,0,1,5820.8,0.0,0.0,20180624063000,0
2318,1,0,5850.1,603.2200000000012,-236.5,20180624064500,1
2320,0,1,5849.8,601.5200000000013,-1.699999999999818,20180624071500,1
2323,0,1,5839.9,0.0,0.0,20180624080000,0
2325,0,1,5808.0,0.0,0.0,20180624083000,0
2326,1,0,5837.0,586.7200000000012,-14.800000000000182,20180624084500,1
2327,0,1,5839.1,582.6200000000008,-4.100000000000364,20180624090000,1
2330,1,0,5865.9,607.4200000000001,24.799999999999272,20180624094500,1
2334,1,0,5875.1,0.0,0.0,20180624104500,0
2335,1,0,5915.0,0.0,0.0,20180624110000,0
2341,0,1,5875.9,595.4200000000001,-12.0,20180624123000,1
2342,0,1,5874.5,0.0,0.0,20180624124500,0
2343,1,0,5899.9,617.4200000000001,22.0,20180624130000,1
2350,1,0,5915.9,0.0,0.0,20180624144500,0
2352,0,1,5843.8,671.5199999999995,54.099999999999454,20180624151500,1
2353,1,0,5841.7,667.4199999999992,-4.100000000000364,20180624153000,1
2354,0,1,5837.2,669.9199999999992,2.5,20180624154500,1
2355,0,1,5777.1,0.0,0.0,20180624160000,0
2356,1,0,5833.0,663.7199999999993,-6.199999999999818,20180624161500,1
2357,1,0,5916.4,0.0,0.0,20180624163000,0
2358,1,0,6131.0,0.0,0.0,20180624164500,0
2359,0,1,6194.3,300.41999999999916,-363.3000000000002,20180624170000,1
2360,1,0,6180.2,284.3199999999988,-16.100000000000364,20180624171500,1
2361,1,0,6217.3,0.0,0.0,20180624173000,0
2362,1,0,6195.0,0.0,0.0,20180624174500,0
2363,1,0,6184.9,0.0,0.0,20180624180000,0
2364,0,1,6151.0,311.5199999999986,27.199999999999818,20180624181500,1
2365,1,0,6171.8,330.3199999999988,18.800000000000182,20180624183000,1
2366,0,1,6170.6,329.5199999999986,-0.8000000000001819,20180624184500,1
2369,0,1,6167.9,0.0,0.0,20180624193000,0
2374,1,0,6190.2,347.1199999999981,17.599999999999454,20180624204500,1
2381,0,1,6140.0,395.3199999999979,48.19999999999982,20180624223000,1
2382,0,1,6121.6,0.0,0.0,20180624224500,0
2383,1,0,6150.5,403.8199999999979,8.5,20180624230000,1
2384,0,1,6130.0,422.3199999999979,18.5,20180624231500,1
2386,1,0,6141.9,432.2199999999975,9.899999999999636,20180624234500,1
2396,0,1,6134.9,437.2199999999975,5.0,20180625021500,1
2398,0,1,6128.1,0.0,0.0,20180625024500,0
2404,1,0,6164.6,464.91999999999825,27.700000000000728,20180625041500,1
2406,1,0,6162.6,0.0,0.0,20180625044500,0
2413,1,0,6185.5,0.0,0.0,20180625063000,0
2415,1,0,6163.0,0.0,0.0,20180625070000,0
2417,0,1,6152.7,474.8199999999988,9.900000000000546,20180625073000,1
2425,1,0,6175.57,495.6899999999987,20.86999999999989,20180625093000,1
2430,1,0,6189.5,0.0,0.0,20180625104500,0
2432,1,0,6197.4,0.0,0.0,20180625111500,0
2434,1,0,6207.2,0.0,0.0,20180625114500,0
2435,1,0,6223.4,0.0,0.0,20180625120000,0
2436,0,1,6175.6,493.65999999999804,-2.030000000000655,20180625121500,1
2437,0,1,6138.1,0.0,0.0,20180625123000,0
2438,0,1,6092.2,0.0,0.0,20180625124500,0
2439,1,0,6106.5,422.5599999999977,-71.10000000000036,20180625130000,1
2440,0,1,6088.1,438.9599999999973,16.399999999999636,20180625131500,1
2442,0,1,6129.82,0.0,0.0,20180625134500,0
2443,0,1,6129.6,0.0,0.0,20180625140000,0
2444,1,0,6171.0,519.859999999997,80.89999999999964,20180625141500,1
2445,1,0,6290.0,0.0,0.0,20180625143000,0
2446,1,0,6275.1,0.0,0.0,20180625144500,0
2447,1,0,6284.6,0.0,0.0,20180625150000,0
2448,1,0,6292.1,0.0,0.0,20180625151500,0
2449,1,0,6296.1,0.0,0.0,20180625153000,0
2450,0,1,6286.7,402.1599999999971,-117.69999999999982,20180625154500,1
2451,1,0,6287.4,400.85999999999694,-1.300000000000182,20180625160000,1
2456,0,1,6255.9,430.35999999999694,29.5,20180625171500,1
2457,1,0,6278.4,450.85999999999694,20.5,20180625173000,1
2465,0,1,6245.0,482.2599999999966,31.399999999999636,20180625193000,1
2466,0,1,6250.1,0.0,0.0,20180625194500,0
2479,0,1,6232.2,0.0,0.0,20180625230000,0
2486,0,1,6211.73,0.0,0.0,20180626004500,0
2487,0,1,6197.1,0.0,0.0,20180626010000,0
2512,0,1,6224.8,0.0,0.0,20180626071500,0
2521,0,1,6207.2,0.0,0.0,20180626093000,0
2523,0,1,6187.93,0.0,0.0,20180626100000,0
2524,0,1,6190.1,0.0,0.0,20180626101500,0
2527,1,0,6225.8,461.05999999999676,-21.199999999999818,20180626110000,1
2538,0,1,6154.4,530.4599999999973,69.40000000000055,20180626134500,1
2539,1,0,6176.2,550.2599999999975,19.800000000000182,20180626140000,1
2540,0,1,6165.0,559.4599999999973,9.199999999999818,20180626141500,1
2542,1,0,6187.65,580.109999999997,20.649999999999636,20180626144500,1
2543,0,1,6179.9,585.859999999997,5.75,20180626150000,1
2544,1,0,6191.1,595.0599999999977,9.200000000000728,20180626151500,1
2546,0,1,6159.0,625.159999999998,30.100000000000364,20180626154500,1
2547,1,0,6184.9,649.0599999999977,23.899999999999636,20180626160000,1
2571,1,0,6219.1,0.0,0.0,20180626220000,0
2572,0,1,6134.4,697.5599999999977,48.5,20180626221500,1
2573,1,0,6141.0,702.159999999998,4.600000000000364,20180626223000,1
2574,1,0,6157.4,0.0,0.0,20180626224500,0
2575,0,1,6156.2,684.9599999999982,-17.199999999999818,20180626230000,1
2576,0,1,6115.5,0.0,0.0,20180626231500,0
2577,1,0,6138.1,664.8599999999988,-20.099999999999454,20180626233000,1
2578,0,1,6103.8,697.159999999999,32.30000000000018,20180626234500,1
2579,0,1,6073.4,0.0,0.0,20180627000000,0
2580,0,1,6027.5,0.0,0.0,20180627001500,0
2581,1,0,6076.3,667.659999999999,-29.5,20180627003000,1
2582,0,1,6071.6,670.3599999999988,2.699999999999818,20180627004500,1
2583,0,1,6085.0,0.0,0.0,20180627010000,0
2584,0,1,6065.8,0.0,0.0,20180627011500,0
2585,0,1,6081.6,0.0,0.0,20180627013000,0
2586,1,0,6095.3,692.0599999999986,21.699999999999818,20180627014500,1
2594,0,1,6056.9,728.4599999999991,36.400000000000546,20180627034500,1
2595,0,1,6040.0,0.0,0.0,20180627040000,0
2596,0,1,6044.4,0.0,0.0,20180627041500,0
2602,1,0,6086.6,756.1599999999999,27.700000000000728,20180627054500,1
2623,1,0,6119.0,0.0,0.0,20180627110000,0
2629,0,1,6075.4,765.3600000000006,9.200000000000728,20180627123000,1
2637,0,1,6069.3,0.0,0.0,20180627143000,0
2638,0,1,6059.3,0.0,0.0,20180627144500,0
2639,0,1,6051.5,0.0,0.0,20180627150000,0
2640,0,1,6099.0,0.0,0.0,20180627151500,0
2642,1,0,6127.0,814.960000000001,49.600000000000364,20180627154500,1
2643,0,1,6105.1,834.8600000000006,19.899999999999636,20180627160000,1
2644,1,0,6105.5,833.2600000000002,-1.6000000000003638,20180627161500,1
2659,1,0,6146.2,0.0,0.0,20180627200000,0
2672,1,0,6174.2,0.0,0.0,20180627231500,0
2673,0,1,6125.2,811.5600000000004,-21.699999999999818,20180627233000,1
2676,0,1,6139.4,0.0,0.0,20180628001500,0
2686,0,1,6130.0,0.0,0.0,20180628024500,0
2687,0,1,6118.8,0.0,0.0,20180628030000,0
2690,0,1,6101.9,0.0,0.0,20180628034500,0
2691,0,1,6095.2,0.0,0.0,20180628040000,0
2692,0,1,6079.5,0.0,0.0,20180628041500,0
2693,0,1,6086.4,0.0,0.0,20180628043000,0
2718,0,1,6088.1,0.0,0.0,20180628104500,0
2725,1,0,6124.5,808.8600000000006,-2.699999999999818,20180628123000,1
2735,0,1,6114.0,817.3600000000006,8.5,20180628150000,1
2754,0,1,6087.5,0.0,0.0,20180628194500,0
2756,0,1,6083.9,0.0,0.0,20180628201500,0
2757,0,1,6070.0,0.0,0.0,20180628203000,0
2758,0,1,6052.4,0.0,0.0,20180628204500,0
2759,0,1,6049.9,0.0,0.0,20180628210000,0
2760,0,1,6010.4,0.0,0.0,20180628211500,0
2761,0,1,5994.0,0.0,0.0,20180628213000,0
2762,0,1,5970.8,0.0,0.0,20180628214500,0
2763,0,1,5920.2,0.0,0.0,20180628220000,0
2764,0,1,5910.8,0.0,0.0,20180628221500,0
2765,0,1,5935.8,0.0,0.0,20180628223000,0
2768,0,1,5896.3,0.0,0.0,20180628231500,0
2769,0,1,5884.7,0.0,0.0,20180628233000,0
2770,0,1,5832.2,0.0,0.0,20180628234500,0
2771,1,0,5850.0,551.3600000000006,-266.0,20180629000000,1
2772,1,0,5897.8,0.0,0.0,20180629001500,0
2773,0,1,5869.8,529.5600000000004,-21.800000000000182,20180629003000,1
2774,1,0,5885.3,543.0600000000004,13.5,20180629004500,1
2776,0,1,5872.0,554.3600000000006,11.300000000000182,20180629011500,1
2792,0,1,5830.1,0.0,0.0,20180629051500,0
2793,0,1,5824.6,0.0,0.0,20180629053000,0
2794,1,0,5918.1,598.460000000001,44.100000000000364,20180629054500,1
2796,0,1,5895.52,619.0400000000009,20.579999999999927,20180629061500,1
2798,1,0,5880.2,601.7200000000003,-17.32000000000062,20180629064500,1
2799,1,0,5887.9,0.0,0.0,20180629070000,0
2805,1,0,5925.3,0.0,0.0,20180629083000,0
2813,0,1,5895.2,584.7200000000003,-17.0,20180629103000,1
2818,0,1,5868.6,0.0,0.0,20180629114500,0
2824,0,1,5855.1,0.0,0.0,20180629131500,0
2825,0,1,5836.37,0.0,0.0,20180629133000,0
2826,0,1,5838.7,0.0,0.0,20180629134500,0
2830,1,0,5907.1,594.6200000000008,9.900000000000546,20180629144500,1
2831,1,0,5904.9,0.0,0.0,20180629150000,0
2838,0,1,5875.1,624.6200000000008,30.0,20180629164500,1
2852,1,0,5915.2,662.7200000000003,38.099999999999454,20180629201500,1
2861,1,0,6049.9,0.0,0.0,20180629223000,0
2862,1,0,6249.7,0.0,0.0,20180629224500,0
2863,1,0,6255.5,0.0,0.0,20180629230000,0
2864,1,0,6240.5,0.0,0.0,20180629231500,0
2865,1,0,6238.91,0.0,0.0,20180629233000,0
2866,1,0,6238.6,0.0,0.0,20180629234500,0
2867,0,1,6208.2,367.72000000000025,-295.0,20180630000000,1
2868,1,0,6222.0,379.52000000000044,11.800000000000182,20180630001500,1
2869,0,1,6253.3,346.22000000000025,-33.30000000000018,20180630003000,1
2870,0,1,6236.7,0.0,0.0,20180630004500,0
2874,1,0,6477.8,568.7200000000003,222.5,20180630014500,1
2875,0,1,6416.2,628.3200000000006,59.600000000000364,20180630020000,1
2876,1,0,6437.1,647.2200000000012,18.900000000000546,20180630021500,1
2877,1,0,6413.5,0.0,0.0,20180630023000,0
2878,1,0,6407.9,0.0,0.0,20180630024500,0
2879,0,1,6403.3,679.0200000000013,31.800000000000182,20180630030000,1
2881,1,0,6441.2,714.920000000001,35.899999999999636,20180630033000,1
2882,0,1,6394.6,759.5200000000004,44.599999999999454,20180630034500,1
2883,0,1,6374.9,0.0,0.0,20180630040000,0
2884,0,1,6380.1,0.0,0.0,20180630041500,0
2885,0,1,6376.1,0.0,0.0,20180630043000,0
2924,0,1,6384.1,0.0,0.0,20180630141500,0
2925,0,1,6369.6,0.0,0.0,20180630143000,0
2926,0,1,6352.3,0.0,0.0,20180630144500,0
2927,1,0,6368.4,731.3199999999997,-28.200000000000728,20180630150000,1
2940,0,1,6340.0,757.7199999999993,26.399999999999636,20180630181500,1
2943,0,1,6321.7,0.0,0.0,20180630190000,0
2944,0,1,6326.2,0.0,0.0,20180630191500,0
2950,1,0,6358.6,774.3199999999997,16.600000000000364,20180630204500,1
2961,1,0,6373.3,0.0,0.0,20180630233000,0
2962,1,0,6385.7,0.0,0.0,20180630234500,0
2963,1,0,6391.6,0.0,0.0,20180701000000,0
2964,1,0,6423.8,0.0,0.0,20180701001500,0
2965,1,0,6395.3,0.0,0.0,20180701003000,0
2968,0,1,6348.0,782.9200000000001,8.600000000000364,20180701011500,1
2970,0,1,6351.5,0.0,0.0,20180701014500,0
2973,0,1,6338.0,0.0,0.0,20180701023000,0
2974,0,1,6341.9,0.0,0.0,20180701024500,0
2988,1,0,6383.2,816.1199999999999,33.19999999999982,20180701061500,1
2991,0,1,6358.5,838.8199999999997,22.699999999999818,20180701070000,1
2996,0,1,6366.4,0.0,0.0,20180701081500,0
3003,0,1,6354.7,0.0,0.0,20180701100000,0
3015,0,1,6351.6,0.0,0.0,20180701130000,0
3020,0,1,6342.4,0.0,0.0,20180701141500,0
3021,0,1,6341.0,0.0,0.0,20180701143000,0
3022,0,1,6311.5,0.0,0.0,20180701144500,0
3023,0,1,6289.9,0.0,0.0,20180701150000,0
3024,0,1,6300.0,0.0,0.0,20180701151500,0
3027,1,0,6319.9,798.2199999999993,-40.600000000000364,20180701160000,1
3040,0,1,6304.54,811.579999999999,13.359999999999673,20180701191500,1
3045,1,0,6369.0,874.039999999999,62.460000000000036,20180701203000,1
3047,1,0,6352.04,0.0,0.0,20180701210000,0
3048,1,0,6349.9,0.0,0.0,20180701211500,0
3052,1,0,6383.9,0.0,0.0,20180701221500,0
3059,0,1,6349.3,891.7399999999989,17.699999999999818,20180702000000,1
3061,0,1,6333.5,0.0,0.0,20180702003000,0
3062,0,1,6332.1,0.0,0.0,20180702004500,0
3067,0,1,6327.7,0.0,0.0,20180702020000,0
3077,0,1,6317.5,0.0,0.0,20180702043000,0
3078,0,1,6308.0,0.0,0.0,20180702044500,0
3079,0,1,6308.1,0.0,0.0,20180702050000,0
3080,0,1,6300.1,0.0,0.0,20180702051500,0
3083,0,1,6294.2,0.0,0.0,20180702060000,0
3084,0,1,6286.6,0.0,0.0,20180702061500,0
3091,1,0,6340.3,880.7399999999989,-11.0,20180702080000,1
3092,1,0,6352.6,0.0,0.0,20180702081500,0
3093,1,0,6342.6,0.0,0.0,20180702083000,0
3104,1,0,6355.4,0.0,0.0,20180702111500,0
3113,1,0,6614.3,0.0,0.0,20180702133000,0
3115,0,1,6599.9,619.1399999999994,-261.59999999999945,20180702140000,1
3116,1,0,6612.01,629.25,10.110000000000582,20180702141500,1
3117,1,0,6603.5,0.0,0.0,20180702143000,0
3118,0,1,6619.1,620.1599999999999,-9.090000000000146,20180702144500,1
3119,0,1,6615.0,0.0,0.0,20180702150000,0
3120,1,0,6639.0,638.0599999999995,17.899999999999636,20180702151500,1
3121,0,1,6632.0,643.0599999999995,5.0,20180702153000,1
3136,1,0,6650.7,659.7599999999993,16.699999999999818,20180702191500,1
3153,0,1,6615.4,693.0599999999995,33.30000000000018,20180702233000,1
3154,0,1,6609.9,0.0,0.0,20180702234500,0
3180,0,1,6620.0,0.0,0.0,20180703061600,0
3194,0,1,6616.3,0.0,0.0,20180703094500,0
3196,0,1,6565.8,0.0,0.0,20180703101500,0
3197,1,0,6580.2,655.8599999999997,-37.19999999999982,20180703103000,1
3198,0,1,6569.0,665.0599999999995,9.199999999999818,20180703104500,1
3199,0,1,6574.7,0.0,0.0,20180703110000,0
3200,0,1,6562.4,0.0,0.0,20180703111500,0
3202,1,0,6592.3,686.3599999999997,21.300000000000182,20180703114500,1
3205,0,1,6566.9,709.7600000000002,23.400000000000546,20180703123000,1
3210,0,1,6560.0,0.0,0.0,20180703134500,0
3233,0,1,6548.4,0.0,0.0,20180703193000,0
3234,1,0,6597.0,737.8600000000006,28.100000000000364,20180703194500,1
3236,1,0,6610.1,0.0,0.0,20180703201500,0
3237,1,0,6614.3,0.0,0.0,20180703203000,0
3245,0,1,6584.3,748.5600000000004,10.699999999999818,20180703223000,1
3246,0,1,6491.7,0.0,0.0,20180703224500,0
3247,1,0,6486.9,649.1599999999999,-99.40000000000055,20180703230000,1
3248,0,1,6493.4,640.6599999999999,-8.5,20180703231500,1
3249,0,1,6495.3,0.0,0.0,20180703233000,0
3250,0,1,6509.7,0.0,0.0,20180703234500,0
3251,0,1,6509.3,0.0,0.0,20180704000000,0
3252,0,1,6505.0,0.0,0.0,20180704001500,0
3253,0,1,6470.7,0.0,0.0,20180704003000,0
3254,0,1,6463.2,0.0,0.0,20180704004500,0
3255,0,1,6458.4,0.0,0.0,20180704010000,0
3256,0,1,6446.7,0.0,0.0,20180704011500,0
3261,0,1,6461.9,0.0,0.0,20180704023000,0
3281,0,1,6473.0,0.0,0.0,20180704073000,0
3284,1,0,6526.95,672.21,31.550000000000182,20180704081500,1
3286,1,0,6518.3,0.0,0.0,20180704084500,0
3304,1,0,6760.0,0.0,0.0,20180704131500,0
3305,0,1,6722.5,474.65999999999985,-197.55000000000018,20180704133000,1
3306,1,0,6733.5,483.65999999999985,9.0,20180704134500,1
3307,1,0,6720.4,0.0,0.0,20180704140000,0
3308,1,0,6705.6,0.0,0.0,20180704141500,0
3309,0,1,6699.1,516.0599999999995,32.399999999999636,20180704143000,1
3311,1,0,6698.2,513.159999999999,-2.9000000000005457,20180704150000,1
3315,0,1,6683.0,526.3599999999988,13.199999999999818,20180704160000,1
3317,0,1,6670.0,0.0,0.0,20180704163000,0
3318,0,1,6664.6,0.0,0.0,20180704164500,0
3319,0,1,6664.6,0.0,0.0,20180704170000,0
3325,1,0,6700.0,541.3599999999988,15.0,20180704183000,1
3343,0,1,6592.0,647.3599999999988,106.0,20180704230000,1
3344,1,0,6571.4,624.7599999999984,-22.600000000000364,20180704231500,1
3345,1,0,6589.9,0.0,0.0,20180704233000,0
3346,0,1,6575.3,618.8599999999979,-5.900000000000546,20180704234500,1
3347,0,1,6589.9,0.0,0.0,20180705000000,0
3349,0,1,6550.3,0.0,0.0,20180705003000,0
3350,0,1,6565.2,0.0,0.0,20180705004500,0
3351,0,1,6562.05,0.0,0.0,20180705010000,0
3355,1,0,6635.3,676.8599999999979,58.0,20180705020000,1
3356,1,0,6625.8,0.0,0.0,20180705021500,0
3357,1,0,6611.2,0.0,0.0,20180705023000,0
3370,0,1,6586.62,723.5399999999981,46.68000000000029,20180705054500,1
3371,1,0,6603.1,738.0199999999986,14.480000000000473,20180705060000,1
3372,0,1,6595.2,743.9199999999992,5.900000000000546,20180705061500,1
3375,0,1,6595.1,0.0,0.0,20180705070000,0
3386,0,1,6587.0,0.0,0.0,20180705094500,0
3387,1,0,6639.3,786.0199999999995,42.100000000000364,20180705100000,1
3388,0,1,6604.0,819.3199999999997,33.30000000000018,20180705101500,1
3389,1,0,6616.41,829.7299999999996,10.409999999999854,20180705103000,1
3390,1,0,6630.8,0.0,0.0,20180705104500,0
3391,1,0,6634.8,0.0,0.0,20180705110000,0
3392,1,0,6645.0,0.0,0.0,20180705111500,0
3393,1,0,6636.4,0.0,0.0,20180705113000,0
3402,0,1,6614.9,829.2399999999998,-0.4899999999997817,20180705134500,1
3403,0,1,6600.5,0.0,0.0,20180705140000,0
3404,0,1,6592.3,0.0,0.0,20180705141500,0
3405,0,1,6595.3,0.0,0.0,20180705143000,0
3411,1,0,6611.6,823.9400000000005,-5.299999999999272,20180705160000,1
3412,1,0,6628.4,0.0,0.0,20180705161500,0
3415,0,1,6585.9,847.6400000000012,23.700000000000728,20180705170000,1
3417,0,1,6567.0,0.0,0.0,20180705173000,0
3418,1,0,6574.0,833.7400000000016,-13.899999999999636,20180705174500,1
3422,0,1,6480.6,925.1400000000012,91.39999999999964,20180705184500,1
3423,1,0,6482.3,924.840000000001,-0.3000000000001819,20180705190000,1
3424,0,1,6470.9,934.2400000000016,9.400000000000546,20180705191500,1
3425,0,1,6480.0,0.0,0.0,20180705193000,0
3426,0,1,6496.9,0.0,0.0,20180705194500,0
3427,1,0,6507.6,968.9400000000023,34.70000000000073,20180705200000,1
3428,0,1,6494.2,980.3400000000029,11.400000000000546,20180705201500,1
3429,1,0,6509.7,993.8400000000029,13.5,20180705203000,1
3438,1,0,6530.2,0.0,0.0,20180705224500,0
3439,1,0,6543.7,0.0,0.0,20180705230000,0
3448,0,1,6519.8,981.7400000000025,-12.100000000000364,20180706011500,1
3461,0,1,6494.6,0.0,0.0,20180706043000,0
3462,1,0,6523.0,982.9400000000023,1.199999999999818,20180706044500,1
3470,0,1,6489.07,1014.8700000000026,31.93000000000029,20180706064500,1
3471,0,1,6466.3,0.0,0.0,20180706070000,0
3473,0,1,6463.1,0.0,0.0,20180706073000,0
3474,0,1,6480.5,0.0,0.0,20180706074500,0
3476,1,0,6509.5,1033.300000000003,18.43000000000029,20180706081500,1
3477,1,0,6523.9,0.0,0.0,20180706083000,0
3492,1,0,6596.2,0.0,0.0,20180706121500,0
3494,1,0,6570.0,0.0,0.0,20180706124500,0
3495,1,0,6588.7,0.0,0.0,20180706130000,0
3498,1,0,6564.8,0.0,0.0,20180706134500,0
3499,0,1,6565.0,975.8000000000029,-57.5,20180706140000,1
3514,1,0,6606.3,1015.1000000000031,39.30000000000018,20180706174500,1
3517,0,1,6550.9,1068.5000000000036,53.400000000000546,20180706183000,1
3545,0,1,6575.4,0.0,0.0,20180707013000,0
3547,0,1,6567.9,0.0,0.0,20180707020000,0
3565,0,1,6580.6,0.0,0.0,20180707063000,0
3568,0,1,6572.9,0.0,0.0,20180707071500,0
3569,1,0,6599.0,1114.600000000004,46.100000000000364,20180707073000,1
3592,0,1,6545.2,1166.4000000000042,51.80000000000018,20180707131500,1
3593,0,1,6538.7,0.0,0.0,20180707133000,0
3594,0,1,6545.1,0.0,0.0,20180707134500,0
3595,0,1,6534.0,0.0,0.0,20180707140000,0
3597,1,0,6575.6,1194.8000000000047,28.400000000000546,20180707143000,1
3610,0,1,6543.7,1224.7000000000053,29.900000000000546,20180707174500,1
3621,0,1,6522.4,0.0,0.0,20180707203000,0
3622,0,1,6522.8,0.0,0.0,20180707204500,0
3630,1,0,6567.6,1246.6000000000058,21.900000000000546,20180707224500,1
3632,1,0,6586.5,0.0,0.0,20180707231500,0
3633,1,0,6789.1,0.0,0.0,20180707233000,0
3634,1,0,6756.3,0.0,0.0,20180707234500,0
3635,1,0,6761.7,0.0,0.0,20180708000000,0
3636,1,0,6780.3,0.0,0.0,20180708001500,0
3637,1,0,6761.46,0.0,0.0,20180708003000,0
3638,0,1,6744.67,1067.530000000006,-179.0699999999997,20180708004500,1
3639,1,0,6748.05,1068.9100000000062,1.3800000000001091,20180708010000,1
3645,0,1,6728.2,1086.7600000000066,17.850000000000364,20180708023000,1
3697,1,0,6767.8,1124.360000000007,37.600000000000364,20180708153000,1
3728,0,1,6706.9,1183.2600000000075,58.900000000000546,20180708231500,1
3729,0,1,6700.0,0.0,0.0,20180708233000,0
3730,0,1,6710.4,0.0,0.0,20180708234500,0
3731,0,1,6707.0,0.0,0.0,20180709000000,0
3734,0,1,6718.6,0.0,0.0,20180709004500,0
3736,0,1,6692.2,0.0,0.0,20180709011500,0
3769,0,1,6683.4,0.0,0.0,20180709093000,0
3770,0,1,6682.0,0.0,0.0,20180709094500,0
3772,0,1,6681.8,0.0,0.0,20180709101500,0
3777,1,0,6721.1,1195.4600000000082,12.200000000000728,20180709113000,1
3779,1,0,6718.9,0.0,0.0,20180709120000,0
3796,0,1,6694.07,1220.4900000000089,25.030000000000655,20180709161500,1
3797,0,1,6701.1,0.0,0.0,20180709163000,0
3804,0,1,6687.56,0.0,0.0,20180709181500,0
3819,1,0,6727.9,1252.3200000000088,31.829999999999927,20180709220000,1
3820,1,0,6747.8,0.0,0.0,20180709221500,0
3821,1,0,6705.06,0.0,0.0,20180709223000,0
3825,0,1,6636.3,1341.9200000000083,89.59999999999945,20180709233000,1
3826,1,0,6663.9,1367.5200000000077,25.599999999999454,20180709234500,1
3827,0,1,6667.0,1362.4200000000073,-5.100000000000364,20180710000000,1
3828,0,1,6641.06,0.0,0.0,20180710001500,0
3829,1,0,6663.5,1356.9200000000073,-5.5,20180710003000,1
3839,0,1,6629.7,1388.7200000000075,31.800000000000182,20180710030000,1
3852,0,1,6591.4,0.0,0.0,20180710061500,0
3853,0,1,6587.7,0.0,0.0,20180710063000,0
3854,0,1,6595.5,0.0,0.0,20180710064500,0
3864,0,1,6570.0,0.0,0.0,20180710091500,0
3865,0,1,6547.0,0.0,0.0,20180710093000,0
3866,0,1,6460.6,0.0,0.0,20180710094500,0
3867,1,0,6443.7,1200.7200000000075,-188.0,20180710100000,1
3868,0,1,6455.4,1187.0200000000077,-13.699999999999818,20180710101500,1
3869,0,1,6450.3,0.0,0.0,20180710103000,0
3870,0,1,6466.2,0.0,0.0,20180710104500,0
3871,1,0,6470.0,1199.620000000008,12.600000000000364,20180710110000,1
3872,0,1,6456.3,1211.320000000008,11.699999999999818,20180710111500,1
3873,0,1,6454.9,0.0,0.0,20180710113000,0
3874,0,1,6356.1,0.0,0.0,20180710114500,0
3875,1,0,6359.1,1112.120000000008,-99.19999999999982,20180710120000,1
3876,0,1,6348.4,1120.8200000000088,8.700000000000728,20180710121500,1
3877,0,1,6356.1,0.0,0.0,20180710123000,0
3878,0,1,6349.3,0.0,0.0,20180710124500,0
3879,0,1,6370.4,0.0,0.0,20180710130000,0
3880,1,0,6369.3,1139.7200000000093,18.900000000000546,20180710131500,1
3881,1,0,6386.7,0.0,0.0,20180710133000,0
3913,1,0,6401.0,0.0,0.0,20180710213000,0
3921,0,1,6303.9,1203.12000000001,63.400000000000546,20180710233000,1
3922,1,0,6310.0,1207.2200000000103,4.100000000000364,20180710234500,1
3923,0,1,6301.8,1213.42000000001,6.199999999999818,20180711000000,1
3924,1,0,6365.8,1275.42000000001,62.0,20180711001500,1
3926,0,1,6377.5,1261.7200000000103,-13.699999999999818,20180711004500,1
3927,1,0,6385.6,1267.8200000000106,6.100000000000364,20180711010000,1
3939,0,1,6340.2,1311.2200000000112,43.400000000000546,20180711040000,1
3941,0,1,6330.9,0.0,0.0,20180711043000,0
3944,0,1,6330.1,0.0,0.0,20180711051500,0
3949,0,1,6309.9,0.0,0.0,20180711063000,0
3951,0,1,6317.7,0.0,0.0,20180711070000,0
3952,0,1,6330.4,0.0,0.0,20180711071500,0
3957,1,0,6363.7,1332.7200000000112,21.5,20180711083000,1
3962,0,1,6329.7,1364.7200000000112,32.0,20180711094500,1
3965,0,1,6330.6,0.0,0.0,20180711103000,0
3970,1,0,6398.5,1431.5200000000114,66.80000000000018,20180711114500,1
3974,1,0,6370.2,0.0,0.0,20180711124500,0
3980,0,1,6349.0,1479.0200000000114,47.5,20180711141500,1
3985,0,1,6356.1,0.0,0.0,20180711153000,0
3988,0,1,6343.5,0.0,0.0,20180711161500,0
3989,0,1,6339.4,0.0,0.0,20180711163000,0
4027,0,1,6323.0,0.0,0.0,20180712020000,0
4029,0,1,6317.0,0.0,0.0,20180712023000,0
4030,0,1,6315.0,0.0,0.0,20180712024500,0
4045,0,1,6208.4,0.0,0.0,20180712063000,0
4046,1,0,6213.4,1341.420000000011,-137.60000000000036,20180712064500,1
4047,0,1,6209.9,1342.920000000011,1.5,20180712070000,1
4048,0,1,6198.9,0.0,0.0,20180712071500,0
4049,0,1,6171.7,0.0,0.0,20180712073000,0
4050,0,1,6168.4,0.0,0.0,20180712074500,0
4051,0,1,6180.1,0.0,0.0,20180712080000,0
4052,0,1,6186.1,0.0,0.0,20180712081500,0
4066,0,1,6156.7,0.0,0.0,20180712114500,0
4097,0,1,6158.7,0.0,0.0,20180712193000,0
4111,0,1,6153.9,0.0,0.0,20180712230000,0
4112,0,1,6141.5,0.0,0.0,20180712231500,0
4113,0,1,6120.0,0.0,0.0,20180712233000,0
4114,0,1,6119.7,0.0,0.0,20180712234500,0
4115,1,0,6249.0,1380.0200000000114,37.100000000000364,20180713000000,1
4116,0,1,6237.33,1389.6900000000114,9.670000000000073,20180713001500,1
4117,1,0,6263.7,1414.0600000000113,24.36999999999989,20180713003000,1
4118,1,0,6252.0,0.0,0.0,20180713004500,0
4120,1,0,6240.0,0.0,0.0,20180713011500,0
4121,1,0,6241.1,0.0,0.0,20180713013000,0
4142,0,1,6228.7,1447.0600000000113,33.0,20180713064500,1
4189,1,0,6305.0,1521.3600000000115,74.30000000000018,20180713183000,1
4190,0,1,6258.3,1566.0600000000113,44.69999999999982,20180713184500,1
4191,0,1,6237.4,0.0,0.0,20180713190000,0
4192,0,1,6199.4,0.0,0.0,20180713191500,0
4193,0,1,6190.8,0.0,0.0,20180713193000,0
4194,0,1,6179.97,0.0,0.0,20180713194500,0
4195,0,1,6181.0,0.0,0.0,20180713200000,0
4198,0,1,6190.0,0.0,0.0,20180713204500,0
4203,1,0,6220.0,1525.7600000000111,-40.30000000000018,20180713220000,1
4207,1,0,6220.2,0.0,0.0,20180713230000,0
4212,1,0,6255.8,0.0,0.0,20180714001500,0
4216,1,0,6252.8,0.0,0.0,20180714011500,0
4217,1,0,6268.0,0.0,0.0,20180714013000,0
4225,0,1,6211.0,1532.7600000000111,7.0,20180714033000,1
4240,0,1,6207.0,0.0,0.0,20180714071500,0
4250,0,1,6183.0,0.0,0.0,20180714094500,0
4276,1,0,6270.1,1589.8600000000115,57.100000000000364,20180714161500,1
4286,0,1,6234.9,1623.0600000000122,33.20000000000073,20180714184500,1
4287,0,1,6240.0,0.0,0.0,20180714190000,0
4288,0,1,6224.8,0.0,0.0,20180714191500,0
4289,1,0,6251.8,1637.9600000000128,14.900000000000546,20180714193000,1
4290,1,0,6272.8,0.0,0.0,20180714194500,0
4297,0,1,6263.6,1624.1600000000126,-13.800000000000182,20180714213000,1
4310,0,1,6237.8,0.0,0.0,20180715004500,0
4343,1,0,6319.2,1677.760000000012,53.599999999999454,20180715090000,1
4344,1,0,6330.1,0.0,0.0,20180715091500,0
4348,1,0,6320.1,0.0,0.0,20180715101500,0
4350,1,0,6347.8,0.0,0.0,20180715104500,0
4352,1,0,6344.6,0.0,0.0,20180715111500,0
4378,0,1,6362.4,1632.5600000000122,-45.19999999999982,20180715174500,1
4381,0,1,6353.2,0.0,0.0,20180715183000,0
4402,0,1,6344.4,0.0,0.0,20180715234500,0
4403,0,1,6347.2,0.0,0.0,20180716000000,0
4440,1,0,6385.9,1654.0600000000122,21.5,20180716091500,1
4441,1,0,6508.9,0.0,0.0,20180716093000,0
4442,1,0,6523.8,0.0,0.0,20180716094500,0
4443,1,0,6527.5,0.0,0.0,20180716100000,0
4444,1,0,6511.6,0.0,0.0,20180716101500,0
4445,1,0,6532.6,0.0,0.0,20180716103000,0
4446,1,0,6528.8,0.0,0.0,20180716104500,0
4447,0,1,6545.0,1492.9600000000119,-161.10000000000036,20180716110000,1
4448,0,1,6555.2,0.0,0.0,20180716111500,0
4449,1,0,6607.0,1552.9600000000119,60.0,20180716113000,1
4450,0,1,6621.05,1536.9100000000117,-16.050000000000182,20180716114500,1
4451,1,0,6627.9,1541.7600000000111,4.849999999999454,20180716120000,1
4452,1,0,6600.1,0.0,0.0,20180716121500,0
4454,0,1,6611.8,1555.8600000000106,14.099999999999454,20180716124500,1
4474,1,0,6671.5,1613.5600000000104,57.69999999999982,20180716174500,1
4476,1,0,6683.2,0.0,0.0,20180716181500,0
4477,1,0,6690.2,0.0,0.0,20180716183000,0
4497,1,0,6699.4,0.0,0.0,20180716233000,0
4498,1,0,6712.0,0.0,0.0,20180716234500,0
4499,1,0,6729.2,0.0,0.0,20180717000000,0
4500,1,0,6715.0,0.0,0.0,20180717001500,0
4519,0,1,6710.9,1572.1600000000108,-41.399999999999636,20180717050000,1
4520,0,1,6699.3,0.0,0.0,20180717051500,0
4522,0,1,6686.0,0.0,0.0,20180717054500,0
4524,0,1,6681.0,0.0,0.0,20180717061500,0
4525,0,1,6689.1,0.0,0.0,20180717063000,0
4527,0,1,6675.8,0.0,0.0,20180717070000,0
4533,1,0,6723.21,1582.4700000000112,10.3100000000004,20180717083000,1
4547,0,1,6688.0,1615.6800000000112,33.210000000000036,20180717120000,1
4562,1,0,6743.3,1668.9800000000114,53.30000000000018,20180717154500,1
4563,1,0,6781.63,0.0,0.0,20180717160000,0
4567,0,1,6760.0,1650.2800000000116,-18.699999999999818,20180717170000,1
4568,1,0,6776.0,1664.2800000000116,14.0,20180717171500,1
4570,1,0,7211.7,0.0,0.0,20180717174500,0
4571,0,1,7190.2,1248.0800000000118,-416.1999999999998,20180717180000,1
4572,1,0,7391.9,1447.7800000000116,199.69999999999982,20180717181500,1
4573,1,0,7372.4,0.0,0.0,20180717183000,0
4574,1,0,7362.7,0.0,0.0,20180717184500,0
4575,1,0,7344.6,0.0,0.0,20180717190000,0
4576,1,0,7370.5,0.0,0.0,20180717191500,0
4577,0,1,7349.9,1487.7800000000116,40.0,20180717193000,1
4578,1,0,7320.0,1455.880000000012,-31.899999999999636,20180717194500,1
4585,1,0,7363.8,0.0,0.0,20180717213000,0
4591,0,1,7314.1,1459.7800000000116,3.899999999999636,20180717230000,1
4592,0,1,7311.82,0.0,0.0,20180717231500,0
4598,1,0,7364.4,1508.0800000000108,48.29999999999927,20180718004500,1
4607,1,0,7409.1,0.0,0.0,20180718030000,0
4608,1,0,7521.0,0.0,0.0,20180718031500,0
4610,1,0,7478.8,0.0,0.0,20180718034500,0
4611,1,0,7462.95,0.0,0.0,20180718040000,0
4625,0,1,7425.8,1444.6800000000103,-63.400000000000546,20180718073000,1
4626,0,1,7426.0,0.0,0.0,20180718074500,0
4628,0,1,7362.4,0.0,0.0,20180718081500,0
4629,0,1,7340.4,0.0,0.0,20180718083000,0
4630,0,1,7347.2,0.0,0.0,20180718084500,0
4631,0,1,7369.4,0.0,0.0,20180718090000,0
4632,0,1,7381.8,0.0,0.0,20180718091500,0
4636,1,0,7415.1,1431.9800000000105,-12.699999999999818,20180718101500,1
4645,1,0,7453.0,0.0,0.0,20180718123000,0
4646,1,0,7443.4,0.0,0.0,20180718124500,0
4656,0,1,7415.9,1429.1800000000112,-2.7999999999992724,20180718151500,1
4658,0,1,7422.0,0.0,0.0,20180718154500,0
4661,1,0,7440.0,1451.2800000000116,22.100000000000364,20180718163000,1
4666,1,0,7477.2,0.0,0.0,20180718174500,0
4667,1,0,7507.6,0.0,0.0,20180718180000,0
4668,1,0,7526.1,0.0,0.0,20180718181500,0
4669,1,0,7485.1,0.0,0.0,20180718183000,0
4671,0,1,7434.7,1454.5800000000118,3.300000000000182,20180718190000,1
4672,0,1,7355.0,0.0,0.0,20180718191500,0
4673,1,0,7403.9,1421.7800000000116,-32.80000000000018,20180718193000,1
4674,0,1,7373.4,1450.2800000000116,28.5,20180718194500,1
4676,0,1,7270.0,0.0,0.0,20180718201500,0
4677,1,0,7303.7,1378.5800000000118,-71.69999999999982,20180718203000,1
4678,0,1,7291.0,1389.2800000000116,10.699999999999818,20180718204500,1
4679,0,1,7338.1,0.0,0.0,20180718210000,0
4680,0,1,7335.5,0.0,0.0,20180718211500,0
4681,1,0,7347.6,1443.880000000012,54.600000000000364,20180718213000,1
4682,1,0,7340.1,0.0,0.0,20180718214500,0
4683,0,1,7331.0,1458.4800000000123,14.600000000000364,20180718220000,1
4684,0,1,7294.1,0.0,0.0,20180718221500,0
4686,1,0,7355.9,1481.380000000012,22.899999999999636,20180718224500,1
4687,0,1,7366.8,1468.4800000000114,-12.900000000000546,20180718230000,1
4690,1,0,7378.1,1477.7800000000116,9.300000000000182,20180718234500,1
4691,1,0,7379.7,0.0,0.0,20180719000000,0
4694,0,1,7320.9,1532.9800000000123,55.20000000000073,20180719004500,1
4696,0,1,7322.8,0.0,0.0,20180719011500,0
4697,0,1,7312.9,0.0,0.0,20180719013000,0
4698,0,1,7327.1,0.0,0.0,20180719014500,0
4699,0,1,7304.3,0.0,0.0,20180719020000,0
4701,1,0,7323.9,1533.9800000000123,1.0,20180719023000,1
4704,1,0,7345.2,0.0,0.0,20180719031500,0
4709,1,0,7349.0,0.0,0.0,20180719043000,0
4718,1,0,7361.4,0.0,0.0,20180719064500,0
4730,1,0,7394.5,0.0,0.0,20180719094500,0
4731,1,0,7412.2,0.0,0.0,20180719100000,0
4732,1,0,7390.0,0.0,0.0,20180719101500,0
4736,1,0,7380.8,0.0,0.0,20180719111500,0
4739,1,0,7416.7,0.0,0.0,20180719120000,0
4742,1,0,7436.5,0.0,0.0,20180719124500,0
4745,1,0,7480.3,0.0,0.0,20180719133000,0
4746,0,1,7472.9,1382.9800000000123,-151.0,20180719134500,1
4747,1,0,7481.7,1389.7800000000125,6.800000000000182,20180719140000,1
4750,1,0,7468.9,0.0,0.0,20180719144500,0
4754,0,1,7424.6,1444.880000000012,55.099999999999454,20180719154500,1
4755,0,1,7396.7,0.0,0.0,20180719160000,0
4756,0,1,7399.0,0.0,0.0,20180719161500,0
4758,0,1,7385.4,0.0,0.0,20180719164500,0
4759,0,1,7376.0,0.0,0.0,20180719170000,0
4760,1,0,7406.3,1424.5800000000118,-20.300000000000182,20180719171500,1
4763,1,0,7427.0,0.0,0.0,20180719180000,0
4769,1,0,7464.5,0.0,0.0,20180719193000,0
4770,1,0,7487.5,0.0,0.0,20180719194500,0
4780,1,0,7470.0,0.0,0.0,20180719221500,0
4781,1,0,7473.1,0.0,0.0,20180719223000,0
4782,1,0,7501.3,0.0,0.0,20180719224500,0
4783,1,0,7485.4,0.0,0.0,20180719230000,0
4788,0,1,7394.2,1434.6800000000121,10.100000000000364,20180720001500,1
4789,1,0,7404.2,1442.6800000000121,8.0,20180720003000,1
4790,1,0,7414.4,0.0,0.0,20180720004500,0
4791,0,1,7408.8,1436.0800000000118,-6.600000000000364,20180720010000,1
4794,1,0,7437.13,1462.4100000000117,26.329999999999927,20180720014500,1
4795,1,0,7459.6,0.0,0.0,20180720020000,0
4796,1,0,7463.7,0.0,0.0,20180720021500,0
4810,0,1,7419.0,1478.5400000000118,16.13000000000011,20180720054500,1
4811,0,1,7415.0,0.0,0.0,20180720060000,0
4814,0,1,7400.0,0.0,0.0,20180720064500,0
4815,0,1,7374.4,0.0,0.0,20180720070000,0
4816,0,1,7376.95,0.0,0.0,20180720071500,0
4817,0,1,7390.96,0.0,0.0,20180720073000,0
4819,1,0,7440.1,1497.6400000000122,19.100000000000364,20180720080000,1
4820,1,0,7467.7,0.0,0.0,20180720081500,0
4821,1,0,7467.7,0.0,0.0,20180720083000,0
4822,1,0,7461.8,0.0,0.0,20180720084500,0
4823,1,0,7470.6,0.0,0.0,20180720090000,0
4824,1,0,7467.0,0.0,0.0,20180720091500,0
4835,1,0,7497.3,0.0,0.0,20180720120000,0
4854,1,0,7597.0,0.0,0.0,20180720164500,0
4855,0,1,7465.7,1470.0400000000127,-27.599999999999454,20180720170000,1
4856,0,1,7402.9,0.0,0.0,20180720171500,0
4857,1,0,7379.8,1382.140000000013,-87.89999999999964,20180720173000,1
4858,1,0,7396.3,0.0,0.0,20180720174500,0
4859,0,1,7331.0,1428.9400000000132,46.80000000000018,20180720180000,1
4860,1,0,7359.8,1455.7400000000134,26.800000000000182,20180720181500,1
4861,0,1,7340.7,1472.8400000000138,17.100000000000364,20180720183000,1
4862,0,1,7360.0,0.0,0.0,20180720184500,0
4863,0,1,7355.9,0.0,0.0,20180720190000,0
4864,0,1,7366.3,0.0,0.0,20180720191500,0
4865,0,1,7345.1,0.0,0.0,20180720193000,0
4866,0,1,7323.3,0.0,0.0,20180720194500,0
4867,1,0,7351.5,1481.640000000014,8.800000000000182,20180720200000,1
4875,0,1,7300.6,1530.5400000000136,48.899999999999636,20180720220000,1
4876,1,0,7307.2,1535.140000000013,4.599999999999454,20180720221500,1
4881,0,1,7334.5,1505.8400000000129,-29.300000000000182,20180720233000,1
4886,0,1,7286.9,0.0,0.0,20180721004500,0
4887,0,1,7239.0,0.0,0.0,20180721010000,0
4888,1,0,7245.0,1414.3400000000129,-91.5,20180721011500,1
4889,0,1,7252.8,1404.5400000000127,-9.800000000000182,20180721013000,1
4892,1,0,7283.7,1433.4400000000123,28.899999999999636,20180721021500,1
4894,1,0,7295.5,0.0,0.0,20180721024500,0
4898,1,0,7287.0,0.0,0.0,20180721034500,0
4904,1,0,7313.2,0.0,0.0,20180721051500,0
4910,1,0,7352.6,0.0,0.0,20180721064500,0
4919,0,1,7311.6,1403.5400000000118,-29.900000000000546,20180721090000,1
4924,0,1,7313.5,0.0,0.0,20180721101500,0
4925,0,1,7302.8,0.0,0.0,20180721103000,0
4926,0,1,7291.4,0.0,0.0,20180721104500,0
4936,1,0,7354.1,1444.0400000000118,40.5,20180721131500,1
4937,1,0,7356.1,0.0,0.0,20180721133000,0
4938,1,0,7363.1,0.0,0.0,20180721134500,0
4946,1,0,7395.8,0.0,0.0,20180721154500,0
4948,1,0,7403.4,0.0,0.0,20180721161500,0
4949,1,0,7389.3,0.0,0.0,20180721163000,0
4980,0,1,7388.2,1407.9400000000123,-36.099999999999454,20180722001500,1
4987,1,0,7478.2,1495.9400000000123,88.0,20180722020000,1
4990,0,1,7423.1,1549.0400000000118,53.099999999999454,20180722024500,1
4993,0,1,7410.1,0.0,0.0,20180722033000,0
4996,0,1,7399.5,0.0,0.0,20180722041500,0
4997,0,1,7389.0,0.0,0.0,20180722043000,0
4998,0,1,7402.3,0.0,0.0,20180722044500,0
5006,0,1,7377.1,0.0,0.0,20180722064500,0
5013,1,0,7429.5,1553.4400000000114,4.399999999999636,20180722083000,1
5014,1,0,7450.5,0.0,0.0,20180722084500,0
5015,1,0,7438.4,0.0,0.0,20180722090000,0
5038,1,0,7497.2,0.0,0.0,20180722144500,0
5039,1,0,7492.2,0.0,0.0,20180722150000,0
5040,1,0,7510.3,0.0,0.0,20180722151500,0
5041,1,0,7523.3,0.0,0.0,20180722153000,0
5042,1,0,7523.82,0.0,0.0,20180722154500,0
5043,1,0,7527.0,0.0,0.0,20180722160000,0
5048,0,1,7496.4,1484.5400000000118,-68.89999999999964,20180722171500,1
5049,0,1,7487.9,0.0,0.0,20180722173000,0
5054,1,0,7530.8,1516.9400000000123,32.400000000000546,20180722184500,1
5064,1,0,7565.1,0.0,0.0,20180722211500,0
5065,0,1,7394.4,1651.3400000000129,134.40000000000055,20180722213000,1
5066,1,0,7422.5,1677.4400000000132,26.100000000000364,20180722214500,1
5067,0,1,7371.4,1726.5400000000136,49.100000000000364,20180722220000,1
5068,1,0,7396.0,1749.140000000014,22.600000000000364,20180722221500,1
5069,0,1,7391.8,1751.3400000000138,2.199999999999818,20180722223000,1
5070,0,1,7408.5,0.0,0.0,20180722224500,0
5071,0,1,7411.7,0.0,0.0,20180722230000,0
5072,0,1,7392.9,0.0,0.0,20180722231500,0
5079,1,0,7465.3,1822.8400000000138,71.5,20180723010000,1
5080,1,0,7475.6,0.0,0.0,20180723011500,0
5081,1,0,7469.9,0.0,0.0,20180723013000,0
5082,1,0,7487.51,0.0,0.0,20180723014500,0
5083,1,0,7519.8,0.0,0.0,20180723020000,0
5084,0,1,7569.8,1716.3400000000138,-106.5,20180723021500,1
5085,1,0,7605.0,1749.5400000000136,33.19999999999982,20180723023000,1
5086,1,0,7632.7,0.0,0.0,20180723024500,0
5087,1,0,7636.07,0.0,0.0,20180723030000,0
5088,1,0,7621.8,0.0,0.0,20180723031500,0
5089,1,0,7648.6,0.0,0.0,20180723033000,0
5090,0,1,7620.0,1732.5400000000136,-17.0,20180723034500,1
5091,1,0,7626.5,1737.0400000000136,4.5,20180723040000,1
5093,1,0,7655.7,0.0,0.0,20180723043000,0
5094,1,0,7689.5,0.0,0.0,20180723044500,0
5095,1,0,7675.7,0.0,0.0,20180723050000,0
5097,1,0,7663.4,0.0,0.0,20180723053000,0
5105,1,0,7742.01,0.0,0.0,20180723073000,0
5106,1,0,7739.4,0.0,0.0,20180723074500,0
5107,1,0,7752.4,0.0,0.0,20180723080000,0
5108,1,0,7746.9,0.0,0.0,20180723081500,0
5109,0,1,7726.3,1635.2400000000134,-101.80000000000018,20180723083000,1
5112,0,1,7695.8,0.0,0.0,20180723091500,0
5113,0,1,7675.0,0.0,0.0,20180723093000,0
5114,1,0,7705.1,1612.0400000000136,-23.199999999999818,20180723094500,1
5118,0,1,7701.52,1613.6200000000135,1.5799999999999272,20180723104500,1
5122,0,1,7680.1,0.0,0.0,20180723114500,0
5124,0,1,7679.3,0.0,0.0,20180723121500,0
5127,1,0,7704.1,1614.2000000000135,0.5799999999999272,20180723130000,1
5141,1,0,7741.79,0.0,0.0,20180723163000,0
5149,1,0,7784.0,0.0,0.0,20180723183000,0
5151,0,1,7740.0,1576.3000000000138,-37.899999999999636,20180723190000,1
5159,0,1,7701.8,0.0,0.0,20180723210000,0
5162,0,1,7742.3,0.0,0.0,20180723214500,0
5165,1,0,7768.27,1602.5700000000143,26.270000000000437,20180723223000,1
5169,0,1,7722.9,1645.940000000015,43.3700000000008,20180723233000,1
5178,1,0,7750.1,1671.1400000000158,25.200000000000728,20180724014500,1
5180,1,0,7761.05,0.0,0.0,20180724021500,0
5183,1,0,7733.9,0.0,0.0,20180724030000,0
5186,1,0,7785.0,0.0,0.0,20180724034500,0
5190,1,0,7819.07,0.0,0.0,20180724044500,0
5191,1,0,7854.8,0.0,0.0,20180724050000,0
5192,1,0,7925.4,0.0,0.0,20180724051500,0
5193,1,0,7949.0,0.0,0.0,20180724053000,0
5194,1,0,7993.0,0.0,0.0,20180724054500,0
5195,1,0,7975.1,0.0,0.0,20180724060000,0
5196,1,0,7964.9,0.0,0.0,20180724061500,0
5197,1,0,7969.8,0.0,0.0,20180724063000,0
5198,0,1,7994.0,1425.2400000000162,-245.89999999999964,20180724064500,1
5199,0,1,7982.7,0.0,0.0,20180724070000,0
5200,1,0,8024.7,1453.940000000016,28.699999999999818,20180724071500,1
5201,1,0,8023.7,0.0,0.0,20180724073000,0
5213,1,0,8031.5,0.0,0.0,20180724103000,0
5214,1,0,8096.4,0.0,0.0,20180724104500,0
5215,1,0,8133.9,0.0,0.0,20180724110000,0
5217,1,0,8172.6,0.0,0.0,20180724113000,0
5218,1,0,8179.0,0.0,0.0,20180724114500,0
5219,0,1,8246.4,1230.2400000000162,-223.69999999999982,20180724120000,1
5220,0,1,8278.5,0.0,0.0,20180724121500,0
5222,1,0,8222.2,1204.0400000000172,-26.19999999999891,20180724124500,1
5223,0,1,8219.6,1204.6400000000176,0.6000000000003638,20180724130000,1
5229,0,1,8190.0,0.0,0.0,20180724143000,0
5230,0,1,8178.3,0.0,0.0,20180724144500,0
5232,0,1,8155.0,0.0,0.0,20180724151500,0
5235,0,1,8185.8,0.0,0.0,20180724160000,0
5241,1,0,8242.0,1225.0400000000172,20.399999999999636,20180724173000,1
5245,1,0,8247.7,0.0,0.0,20180724183000,0
5246,1,0,8243.5,0.0,0.0,20180724184500,0
5247,1,0,8256.0,0.0,0.0,20180724190000,0
5248,1,0,8303.0,0.0,0.0,20180724191500,0
5252,0,1,8213.9,1251.1400000000176,26.100000000000364,20180724201500,1
5254,0,1,8216.7,0.0,0.0,20180724204500,0
5255,0,1,8229.1,0.0,0.0,20180724210000,0
5257,1,0,8255.6,1290.8400000000183,39.70000000000073,20180724213000,1
5259,0,1,8255.0,1289.4400000000187,-1.3999999999996362,20180724220000,1
5260,1,0,8287.0,1319.4400000000187,30.0,20180724221500,1
5261,1,0,8298.3,0.0,0.0,20180724223000,0
5262,1,0,8322.9,0.0,0.0,20180724224500,0
5263,1,0,8317.3,0.0,0.0,20180724230000,0
5265,1,0,8355.0,0.0,0.0,20180724233000,0
5266,1,0,8406.8,0.0,0.0,20180724234500,0
5267,0,1,8389.9,1214.540000000019,-104.89999999999964,20180725000000,1
5268,1,0,8435.0,1257.6400000000194,43.100000000000364,20180725001500,1
5269,1,0,8470.0,0.0,0.0,20180725003000,0
5270,0,1,8430.0,1260.6400000000194,3.0,20180725004500,1
5272,1,0,8427.4,1256.040000000019,-4.600000000000364,20180725011500,1
5273,0,1,8425.0,1256.4400000000187,0.3999999999996362,20180725013000,1
5276,0,1,8336.7,0.0,0.0,20180725021500,0
5277,1,0,8364.5,1193.9400000000187,-62.5,20180725023000,1
5278,0,1,8330.8,1225.6400000000194,31.700000000000728,20180725024500,1
5279,0,1,8340.3,0.0,0.0,20180725030000,0
5281,0,1,8310.0,0.0,0.0,20180725033000,0
5282,1,0,8350.0,1242.8400000000202,17.200000000000728,20180725034500,1
5283,0,1,8364.3,1226.5400000000209,-16.299999999999272,20180725040000,1
5286,1,0,8389.3,1249.5400000000209,23.0,20180725044500,1
5287,1,0,8411.8,0.0,0.0,20180725050000,0
5288,1,0,8416.5,0.0,0.0,20180725051500,0
5289,1,0,8393.8,0.0,0.0,20180725053000,0
5290,1,0,8415.1,0.0,0.0,20180725054500,0
5291,1,0,8435.1,0.0,0.0,20180725060000,0
5293,0,1,8350.0,1286.8400000000202,37.29999999999927,20180725063000,1
5294,0,1,8295.6,0.0,0.0,20180725064500,0
5295,1,0,8335.94,1270.7800000000207,-16.05999999999949,20180725070000,1
5296,0,1,8339.5,1265.2200000000212,-5.559999999999491,20180725071500,1
5299,0,1,8334.0,0.0,0.0,20180725080000,0
5300,0,1,8283.6,0.0,0.0,20180725081500,0
5301,1,0,8305.5,1229.2200000000212,-36.0,20180725083000,1
5302,0,1,8295.0,1237.7200000000212,8.5,20180725084500,1
5303,0,1,8295.4,0.0,0.0,20180725090000,0
5304,0,1,8255.0,0.0,0.0,20180725091500,0
5305,0,1,8250.1,0.0,0.0,20180725093000,0
5306,0,1,8249.0,0.0,0.0,20180725094500,0
5307,0,1,8241.0,0.0,0.0,20180725100000,0
5308,0,1,8187.8,0.0,0.0,20180725101500,0
5309,0,1,8166.7,0.0,0.0,20180725103000,0
5310,0,1,8182.2,0.0,0.0,20180725104500,0
5311,0,1,8221.8,0.0,0.0,20180725110000,0
5313,1,0,8220.1,1160.8200000000215,-76.89999999999964,20180725113000,1
5314,1,0,8226.3,0.0,0.0,20180725114500,0
5324,0,1,8194.2,1184.7200000000212,23.899999999999636,20180725141500,1
5329,0,1,8122.8,0.0,0.0,20180725153000,0
5330,0,1,8095.5,0.0,0.0,20180725154500,0
5331,1,0,8130.0,1118.5200000000204,-66.20000000000073,20180725160000,1
5332,0,1,8096.19,1150.3300000000208,31.8100000000004,20180725161500,1
5333,1,0,8141.2,1193.340000000021,43.01000000000022,20180725163000,1
5334,1,0,8150.2,0.0,0.0,20180725164500,0
5335,0,1,8180.0,1152.5400000000209,-40.80000000000018,20180725170000,1
5341,0,1,8115.2,0.0,0.0,20180725183000,0
5342,0,1,8097.0,0.0,0.0,20180725184500,0
5343,0,1,8080.0,0.0,0.0,20180725190000,0
5344,1,0,8115.8,1086.340000000021,-66.19999999999982,20180725191500,1
5347,1,0,8167.38,0.0,0.0,20180725200000,0
5350,1,0,8148.64,0.0,0.0,20180725204500,0
5351,1,0,8192.3,0.0,0.0,20180725210000,0
5352,0,1,8221.1,979.0400000000209,-107.30000000000018,20180725211500,1
5353,1,0,8280.0,1035.9400000000205,56.899999999999636,20180725213000,1
5354,1,0,8281.0,0.0,0.0,20180725214500,0
5355,1,0,8289.0,0.0,0.0,20180725220000,0
5356,1,0,8270.6,0.0,0.0,20180725221500,0
5357,1,0,8281.9,0.0,0.0,20180725223000,0
5358,0,1,8274.9,1039.0400000000209,3.100000000000364,20180725224500,1
5360,1,0,8283.0,1045.1400000000212,6.100000000000364,20180725231500,1
5361,0,1,8236.2,1089.9400000000205,44.79999999999927,20180725233000,1
5362,0,1,8207.7,0.0,0.0,20180725234500,0
5363,0,1,8175.6,0.0,0.0,20180726000000,0
5364,1,0,8207.1,1058.8400000000202,-31.100000000000364,20180726001500,1
5366,1,0,8250.8,0.0,0.0,20180726004500,0
5368,0,1,8241.52,1022.4200000000201,-36.42000000000007,20180726011500,1
5371,1,0,8223.1,1002.00000000002,-20.420000000000073,20180726020000,1
5379,1,0,8230.7,0.0,0.0,20180726040000,0
5390,1,0,8250.83,0.0,0.0,20180726064500,0
5392,1,0,8277.2,0.0,0.0,20180726071500,0
5393,1,0,8278.51,0.0,0.0,20180726073000,0
5396,1,0,8268.0,0.0,0.0,20180726081500,0
5410,0,1,8234.7,988.4000000000196,-13.600000000000364,20180726114500,1
5412,0,1,8220.9,0.0,0.0,20180726121500,0
5413,0,1,8195.0,0.0,0.0,20180726123000,0
5414,0,1,8217.9,0.0,0.0,20180726124500,0
5418,0,1,8220.1,0.0,0.0,20180726134500,0
5420,0,1,8193.0,0.0,0.0,20180726141500,0
5421,0,1,8200.52,0.0,0.0,20180726143000,0
5443,1,0,8277.0,1028.700000000019,40.29999999999927,20180726200000,1
5444,1,0,8277.0,0.0,0.0,20180726201500,0
5445,1,0,8291.9,0.0,0.0,20180726203000,0
5446,1,0,8295.0,0.0,0.0,20180726204500,0
5447,0,1,8156.2,1147.500000000019,118.80000000000018,20180726210000,1
5448,1,0,8141.1,1130.4000000000196,-17.099999999999454,20180726211500,1
5449,0,1,8097.9,1171.6000000000204,41.20000000000073,20180726213000,1
5450,0,1,8025.6,0.0,0.0,20180726214500,0
5451,0,1,7984.9,0.0,0.0,20180726220000,0
5452,0,1,7991.0,0.0,0.0,20180726221500,0
5453,0,1,7984.1,0.0,0.0,20180726223000,0
5454,0,1,7934.7,0.0,0.0,20180726224500,0
5455,0,1,7932.0,0.0,0.0,20180726230000,0
5456,0,1,7880.04,0.0,0.0,20180726231500,0
5457,0,1,7904.85,0.0,0.0,20180726233000,0
5458,1,0,7940.0,1011.7000000000207,-159.89999999999964,20180726234500,1
5459,0,1,7939.0,1010.7000000000207,-1.0,20180727000000,1
5460,0,1,7937.8,0.0,0.0,20180727001500,0
5461,0,1,7916.2,0.0,0.0,20180727003000,0
5466,0,1,7883.0,0.0,0.0,20180727014500,0
5467,1,0,7898.3,968.0000000000209,-42.69999999999982,20180727020000,1
5471,0,1,7877.6,986.7000000000207,18.699999999999818,20180727030000,1
5472,1,0,7901.0,1008.1000000000204,21.399999999999636,20180727031500,1
5476,1,0,7926.2,0.0,0.0,20180727041500,0
5477,1,0,7943.9,0.0,0.0,20180727043000,0
5479,1,0,7940.9,0.0,0.0,20180727050000,0
5485,0,1,7904.0,1003.1000000000204,-5.0,20180727063000,1
5492,1,0,7949.5,1046.6000000000204,43.5,20180727081500,1
5494,1,0,7972.7,0.0,0.0,20180727084500,0
5495,1,0,7974.4,0.0,0.0,20180727090000,0
5496,1,0,7981.23,0.0,0.0,20180727091500,0
5497,1,0,7985.3,0.0,0.0,20180727093000,0
5505,0,1,7914.1,1080.00000000002,33.399999999999636,20180727113000,1
5506,0,1,7919.0,0.0,0.0,20180727114500,0
5510,0,1,7890.0,0.0,0.0,20180727124500,0
5511,0,1,7856.3,0.0,0.0,20180727130000,0
5512,0,1,7855.1,0.0,0.0,20180727131500,0
5513,0,1,7873.4,0.0,0.0,20180727133000,0
5516,0,1,7882.0,0.0,0.0,20180727141500,0
5519,0,1,7842.4,0.0,0.0,20180727150000,0
5520,1,0,8049.97,1213.87000000002,133.8699999999999,20180727151500,1
5521,1,0,8175.7,0.0,0.0,20180727153000,0
5522,0,1,8141.5,1120.3400000000202,-93.52999999999975,20180727154500,1
5523,1,0,8153.8,1130.6400000000203,10.300000000000182,20180727160000,1
5524,1,0,8166.3,0.0,0.0,20180727161500,0
5525,1,0,8188.1,0.0,0.0,20180727163000,0
5526,0,1,8210.13,1072.3100000000213,-58.32999999999902,20180727164500,1
5527,0,1,8185.8,0.0,0.0,20180727170000,0
5528,0,1,8171.3,0.0,0.0,20180727171500,0
5529,0,1,8160.0,0.0,0.0,20180727173000,0
5532,1,0,8218.1,1078.2800000000225,5.970000000001164,20180727181500,1
5534,1,0,8249.9,0.0,0.0,20180727184500,0
5535,1,0,8266.1,0.0,0.0,20180727190000,0
5536,1,0,8224.7,0.0,0.0,20180727191500,0
5537,1,0,8249.9,0.0,0.0,20180727193000,0
5546,1,0,8275.1,0.0,0.0,20180727214500,0
5553,0,1,8208.4,1085.9800000000232,7.700000000000728,20180727233000,1
5554,0,1,8139.3,0.0,0.0,20180727234500,0
5555,1,0,8187.9,1063.4800000000232,-22.5,20180728000000,1
5556,0,1,8181.1,1068.2800000000225,4.799999999999272,20180728001500,1
5557,0,1,8159.8,0.0,0.0,20180728003000,0
5558,1,0,8177.0,1062.1800000000221,-6.100000000000364,20180728004500,1
5559,0,1,8180.0,1057.1800000000221,-5.0,20180728010000,1
5560,0,1,8163.0,0.0,0.0,20180728011500,0
5561,1,0,8188.0,1063.1800000000221,6.0,20180728013000,1
5574,1,0,8203.9,0.0,0.0,20180728044500,0
5575,1,0,8218.8,0.0,0.0,20180728050000,0
5576,1,0,8224.4,0.0,0.0,20180728051500,0
5577,1,0,8214.8,0.0,0.0,20180728053000,0
5578,1,0,8229.8,0.0,0.0,20180728054500,0
5582,0,1,8181.3,1067.880000000022,4.699999999999818,20180728064500,1
5600,0,1,8158.7,0.0,0.0,20180728111500,0
5601,1,0,8213.4,1097.9800000000214,30.099999999999454,20180728113000,1
5613,0,1,8142.6,1166.7800000000207,68.79999999999927,20180728143000,1
5616,0,1,8127.0,0.0,0.0,20180728151500,0
5617,0,1,8113.0,0.0,0.0,20180728153000,0
5618,0,1,8117.4,0.0,0.0,20180728154500,0
5620,0,1,8170.2,0.0,0.0,20180728161500,0
5622,1,0,8164.5,1186.6800000000203,19.899999999999636,20180728164500,1
5623,1,0,8186.5,0.0,0.0,20180728170000,0
5625,1,0,8210.0,0.0,0.0,20180728173000,0
5626,1,0,8212.99,0.0,0.0,20180728174500,0
5627,1,0,8186.9,0.0,0.0,20180728180000,0
5640,0,1,8173.7,1175.4800000000205,-11.199999999999818,20180728211500,1
5651,1,0,8235.7,1235.4800000000214,60.00000000000091,20180729000000,1
5652,1,0,8268.0,0.0,0.0,20180729001500,0
5653,1,0,8266.3,0.0,0.0,20180729003000,0
5654,1,0,8281.0,0.0,0.0,20180729004500,0
5662,0,1,8245.2,1223.9800000000214,-11.5,20180729024500,1
5668,0,1,8231.3,0.0,0.0,20180729041500,0
5669,0,1,8200.0,0.0,0.0,20180729043000,0
5670,0,1,8204.5,0.0,0.0,20180729044500,0
5682,0,1,8197.0,0.0,0.0,20180729074500,0
5683,0,1,8179.8,0.0,0.0,20180729080000,0
5684,0,1,8143.9,0.0,0.0,20180729081500,0
5686,0,1,8147.1,0.0,0.0,20180729084500,0
5690,1,0,8175.2,1151.9800000000205,-72.00000000000091,20180729094500,1
5703,1,0,8210.0,0.0,0.0,20180729130000,0
5704,1,0,8201.2,0.0,0.0,20180729131500,0
5716,0,1,8196.1,1129.08000000002,-22.900000000000546,20180729161500,1
5717,0,1,8204.0,0.0,0.0,20180729163000,0
5718,0,1,8182.5,0.0,0.0,20180729164500,0
5719,0,1,8183.8,0.0,0.0,20180729170000,0
5740,0,1,8187.9,0.0,0.0,20180729221500,0
5745,1,0,8236.7,1167.6800000000203,38.600000000000364,20180729233000,1
5748,0,1,8101.7,1300.6800000000212,133.0000000000009,20180730001500,1
5749,1,0,8119.9,1316.880000000021,16.199999999999818,20180730003000,1
5750,0,1,8088.6,1346.1800000000203,29.299999999999272,20180730004500,1
5751,1,0,8160.5,1416.08000000002,69.89999999999964,20180730010000,1
5752,0,1,8151.8,1422.7800000000198,6.699999999999818,20180730011500,1
5753,1,0,8206.6,1475.58000000002,52.80000000000018,20180730013000,1
5754,0,1,8214.8,1465.380000000021,-10.199999999998909,20180730014500,1
5755,1,0,8217.8,1466.380000000021,1.0,20180730020000,1
5756,1,0,8199.9,0.0,0.0,20180730021500,0
5757,1,0,8212.0,0.0,0.0,20180730023000,0
5758,0,1,8205.1,1477.08000000002,10.699999999998909,20180730024500,1
5765,0,1,8165.1,0.0,0.0,20180730043000,0
5766,0,1,8170.3,0.0,0.0,20180730044500,0
5775,0,1,8142.8,0.0,0.0,20180730070000,0
5776,0,1,8128.8,0.0,0.0,20180730071500,0
5777,1,0,8152.1,1422.08000000002,-55.0,20180730073000,1
5792,0,1,8139.5,1432.6800000000203,10.600000000000364,20180730111500,1
5794,0,1,8134.4,0.0,0.0,20180730114500,0
5797,0,1,8151.5,0.0,0.0,20180730123000,0
5803,0,1,8125.08,0.0,0.0,20180730140000,0
5807,1,0,8181.36,1472.54000000002,39.85999999999967,20180730150000,1
5812,0,1,8102.5,1549.4000000000196,76.85999999999967,20180730161500,1
5816,0,1,8100.3,0.0,0.0,20180730171500,0
5817,0,1,8099.8,0.0,0.0,20180730173000,0
5818,0,1,7989.6,0.0,0.0,20180730174500,0
5819,0,1,7915.1,0.0,0.0,20180730180000,0
5820,1,0,7924.0,1368.9000000000196,-180.5,20180730181500,1
5821,0,1,7933.6,1357.3000000000193,-11.600000000000364,20180730183000,1
5822,0,1,7955.0,0.0,0.0,20180730184500,0
5823,0,1,7960.0,0.0,0.0,20180730190000,0
5824,1,0,8002.4,1424.1000000000186,66.79999999999927,20180730191500,1
5825,1,0,8056.8,0.0,0.0,20180730193000,0
5826,1,0,8098.1,0.0,0.0,20180730194500,0
5827,1,0,8120.3,0.0,0.0,20180730200000,0
5828,1,0,8103.7,0.0,0.0,20180730201500,0
5829,1,0,8184.4,0.0,0.0,20180730203000,0
5830,0,1,8140.0,1284.5000000000182,-139.60000000000036,20180730204500,1
5831,1,0,8164.5,1307.0000000000182,22.5,20180730210000,1
5832,1,0,8135.1,0.0,0.0,20180730211500,0
5833,1,0,8122.7,0.0,0.0,20180730213000,0
5834,1,0,8130.4,0.0,0.0,20180730214500,0
5837,0,1,8183.2,1286.3000000000184,-20.699999999999818,20180730223000,1
5845,0,1,8138.0,0.0,0.0,20180731003000,0
5846,0,1,8139.0,0.0,0.0,20180731004500,0
5847,0,1,8129.53,0.0,0.0,20180731010000,0
5848,0,1,8121.1,0.0,0.0,20180731011500,0
5861,0,1,8093.6,0.0,0.0,20180731043000,0
5862,1,0,8115.5,1216.6000000000186,-69.69999999999982,20180731044500,1
5868,1,0,8150.1,0.0,0.0,20180731061500,0
5877,0,1,8109.5,1220.6000000000186,4.0,20180731083000,1
5878,0,1,8106.0,0.0,0.0,20180731084500,0
5879,0,1,8034.1,0.0,0.0,20180731090000,0
5880,1,0,8041.0,1150.1000000000186,-70.5,20180731091500,1
5881,0,1,8026.3,1162.8000000000184,12.699999999999818,20180731093000,1
5882,0,1,8055.4,0.0,0.0,20180731094500,0
5883,0,1,8013.7,0.0,0.0,20180731100000,0
5884,0,1,8010.0,0.0,0.0,20180731101500,0
5885,0,1,7970.1,0.0,0.0,20180731103000,0
5886,1,0,7981.7,1116.200000000018,-46.600000000000364,20180731104500,1
5887,0,1,7958.8,1137.1000000000176,20.899999999999636,20180731110000,1
5888,0,1,7959.5,0.0,0.0,20180731111500,0
5890,1,0,7996.0,1172.3000000000175,35.19999999999982,20180731114500,1
5892,0,1,7950.0,1216.3000000000175,44.0,20180731121500,1
5893,0,1,7875.2,0.0,0.0,20180731123000,0
5894,0,1,7813.4,0.0,0.0,20180731124500,0
5895,0,1,7805.05,0.0,0.0,20180731130000,0
5896,0,1,7824.9,0.0,0.0,20180731131500,0
5897,0,1,7819.9,0.0,0.0,20180731133000,0
5898,0,1,7826.5,0.0,0.0,20180731134500,0
5899,0,1,7735.7,0.0,0.0,20180731140000,0
5900,1,0,7783.1,1047.4000000000178,-168.89999999999964,20180731141500,1
5901,0,1,7733.7,1094.8000000000184,47.400000000000546,20180731143000,1
5902,0,1,7729.1,0.0,0.0,20180731144500,0
5903,0,1,7731.1,0.0,0.0,20180731150000,0
5904,0,1,7695.51,0.0,0.0,20180731151500,0
5905,0,1,7714.4,0.0,0.0,20180731153000,0
5906,1,0,7739.4,1098.5000000000182,3.699999999999818,20180731154500,1
5910,1,0,7780.8,0.0,0.0,20180731164500,0
5911,1,0,7795.3,0.0,0.0,20180731170000,0
5915,0,1,7730.0,1105.9000000000178,7.399999999999636,20180731180000,1
5916,0,1,7714.1,0.0,0.0,20180731181500,0
5919,0,1,7749.3,0.0,0.0,20180731190000,0
5927,0,1,7698.65,0.0,0.0,20180731210000,0
5928,0,1,7696.1,0.0,0.0,20180731211500,0
5933,0,1,7694.1,0.0,0.0,20180731223000,0
5936,0,1,7683.5,0.0,0.0,20180731231500,0
5937,0,1,7670.0,0.0,0.0,20180731233000,0
5938,1,0,7757.6,1131.5000000000182,25.600000000000364,20180731234500,1
5939,0,1,7737.9,1149.200000000019,17.700000000000728,20180801000000,1
5941,1,0,7744.3,1153.6000000000195,4.400000000000546,20180801003000,1
5942,0,1,7712.1,1183.8000000000193,30.199999999999818,20180801004500,1
5943,0,1,7675.9,0.0,0.0,20180801010000,0
5944,0,1,7649.1,0.0,0.0,20180801011500,0
5945,1,0,7665.3,1135.000000000019,-48.80000000000018,20180801013000,1
5946,0,1,7611.5,1186.8000000000193,51.80000000000018,20180801014500,1
5947,0,1,7567.0,0.0,0.0,20180801020000,0
5948,0,1,7540.0,0.0,0.0,20180801021500,0
5949,1,0,7561.7,1135.000000000019,-51.80000000000018,20180801023000,1
5950,0,1,7541.7,1153.000000000019,18.0,20180801024500,1
5953,0,1,7540.1,0.0,0.0,20180801033000,0
5954,1,0,7554.0,1163.3000000000193,10.300000000000182,20180801034500,1
5961,0,1,7522.0,1193.3000000000193,30.0,20180801053000,1
5962,0,1,7496.0,0.0,0.0,20180801054500,0
5963,1,0,7539.1,1208.4000000000196,15.100000000000364,20180801060000,1
5966,1,0,7575.5,0.0,0.0,20180801064500,0
5967,1,0,7583.0,0.0,0.0,20180801070000,0
5971,1,0,7565.0,0.0,0.0,20180801080000,0
5972,1,0,7584.3,0.0,0.0,20180801081500,0
5973,1,0,7609.13,0.0,0.0,20180801083000,0
5974,1,0,7637.8,0.0,0.0,20180801084500,0
5975,1,0,7632.0,0.0,0.0,20180801090000,0
5976,1,0,7618.1,0.0,0.0,20180801091500,0
5978,1,0,7627.27,0.0,0.0,20180801094500,0
5980,0,1,7553.5,1192.00000000002,-16.399999999999636,20180801101500,1
5981,1,0,7549.9,1186.4000000000196,-5.600000000000364,20180801103000,1
5982,0,1,7564.98,1169.3200000000197,-17.079999999999927,20180801104500,1
5983,0,1,7572.03,0.0,0.0,20180801110000,0
5985,0,1,7541.2,0.0,0.0,20180801113000,0
5986,0,1,7552.0,0.0,0.0,20180801114500,0
5993,1,0,7614.9,1217.2400000000198,47.92000000000007,20180801133000,1
5995,1,0,7630.9,0.0,0.0,20180801140000,0
5996,1,0,7621.0,0.0,0.0,20180801141500,0
5999,0,1,7581.4,1248.7400000000198,31.5,20180801150000,1
6006,0,1,7551.0,0.0,0.0,20180801164500,0
6007,1,0,7564.0,1229.3400000000202,-19.399999999999636,20180801170000,1
6008,0,1,7562.1,1229.2400000000198,-0.1000000000003638,20180801171500,1
6009,0,1,7573.5,0.0,0.0,20180801173000,0
6011,0,1,7542.6,0.0,0.0,20180801180000,0
6012,0,1,7540.0,0.0,0.0,20180801181500,0
6022,0,1,7482.9,0.0,0.0,20180801204500,0
6023,1,0,7489.1,1154.2400000000198,-75.0,20180801210000,1
6024,0,1,7496.2,1145.1400000000203,-9.099999999999454,20180801211500,1
6025,0,1,7506.2,0.0,0.0,20180801213000,0
6027,0,1,7479.2,0.0,0.0,20180801220000,0
6028,1,0,7549.0,1195.9400000000205,50.80000000000018,20180801221500,1
6029,1,0,7605.4,0.0,0.0,20180801223000,0
6030,0,1,7587.96,1154.9800000000205,-40.960000000000036,20180801224500,1
6031,1,0,7590.0,1155.0200000000204,0.03999999999996362,20180801230000,1
6032,1,0,7587.6,0.0,0.0,20180801231500,0
6033,1,0,7607.0,0.0,0.0,20180801233000,0
6034,0,1,7597.4,1145.6200000000208,-9.399999999999636,20180801234500,1
6038,1,0,7663.6,1209.8200000000215,64.20000000000073,20180802004500,1
6039,1,0,7671.0,0.0,0.0,20180802010000,0
6040,1,0,7673.1,0.0,0.0,20180802011500,0
6041,1,0,7653.0,0.0,0.0,20180802013000,0
6042,1,0,7664.9,0.0,0.0,20180802014500,0
6049,0,1,7635.4,1236.0200000000223,26.200000000000728,20180802033000,1
6050,1,0,7648.5,1247.1200000000226,11.100000000000364,20180802034500,1
6054,0,1,7627.04,1266.5800000000227,19.460000000000036,20180802044500,1
6055,0,1,7633.1,0.0,0.0,20180802050000,0
6064,1,0,7678.8,1316.3400000000229,49.76000000000022,20180802071500,1
6071,0,1,7618.0,1375.140000000023,58.80000000000018,20180802090000,1
6072,1,0,7637.0,1392.140000000023,17.0,20180802091500,1
6074,0,1,7621.8,1405.3400000000229,13.199999999999818,20180802094500,1
6076,0,1,7574.1,0.0,0.0,20180802101500,0
6077,0,1,7573.2,0.0,0.0,20180802103000,0
6078,0,1,7571.9,0.0,0.0,20180802104500,0
6080,0,1,7561.5,0.0,0.0,20180802111500,0
6087,0,1,7527.3,0.0,0.0,20180802130000,0
6089,0,1,7510.8,0.0,0.0,20180802133000,0
6090,0,1,7515.37,0.0,0.0,20180802134500,0
6091,0,1,7499.78,0.0,0.0,20180802140000,0
6092,0,1,7512.8,0.0,0.0,20180802141500,0
6093,1,0,7545.0,1326.5400000000227,-78.80000000000018,20180802143000,1
6100,0,1,7504.6,1364.9400000000223,38.399999999999636,20180802161500,1
6101,1,0,7578.1,1436.4400000000223,71.5,20180802163000,1
6103,0,1,7571.1,1441.4400000000223,5.0,20180802170000,1
6104,1,0,7572.0,1440.340000000022,-1.1000000000003638,20180802171500,1
6107,0,1,7505.7,1504.6400000000222,64.30000000000018,20180802180000,1
6108,0,1,7500.0,0.0,0.0,20180802181500,0
6112,1,0,7530.2,1527.1400000000222,22.5,20180802191500,1
6113,1,0,7554.9,0.0,0.0,20180802193000,0
6118,1,0,7564.1,0.0,0.0,20180802204500,0
6132,0,1,7488.8,1566.5400000000218,39.399999999999636,20180803001500,1
6133,0,1,7470.6,0.0,0.0,20180803003000,0
6134,0,1,7367.1,0.0,0.0,20180803004500,0
6135,1,0,7391.9,1467.6400000000212,-98.90000000000055,20180803010000,1
6136,0,1,7321.6,1535.9400000000205,68.29999999999927,20180803011500,1
6137,1,0,7363.0,1575.3400000000202,39.399999999999636,20180803013000,1
6138,0,1,7358.5,1577.8400000000202,2.5,20180803014500,1
6139,0,1,7344.7,0.0,0.0,20180803020000,0
6140,0,1,7344.9,0.0,0.0,20180803021500,0
6141,0,1,7331.5,0.0,0.0,20180803023000,0
6142,0,1,7335.8,0.0,0.0,20180803024500,0
6143,1,0,7352.1,1569.4400000000205,-8.399999999999636,20180803030000,1
6148,0,1,7295.5,1624.0400000000209,54.600000000000364,20180803041500,1
6149,1,0,7312.2,1638.7400000000207,14.699999999999818,20180803043000,1
6150,0,1,7292.1,1656.8400000000202,18.099999999999454,20180803044500,1
6151,1,0,7359.6,1722.3400000000202,65.5,20180803050000,1
6153,1,0,7340.6,0.0,0.0,20180803053000,0
6155,0,1,7325.1,1754.8400000000202,32.5,20180803060000,1
6161,0,1,7318.2,0.0,0.0,20180803073000,0
6162,1,0,7352.0,1779.7400000000198,24.899999999999636,20180803074500,1
6163,1,0,7395.4,0.0,0.0,20180803080000,0
6165,0,1,7366.0,1763.7400000000198,-16.0,20180803083000,1
6174,0,1,7345.9,0.0,0.0,20180803104500,0
6183,1,0,7402.4,1798.1400000000194,34.399999999999636,20180803130000,1
6187,1,0,7437.4,0.0,0.0,20180803140000,0
6188,0,1,7453.5,1745.040000000019,-53.100000000000364,20180803141500,1
6189,1,0,7469.2,1758.7400000000189,13.699999999999818,20180803143000,1
6190,1,0,7479.32,0.0,0.0,20180803144500,0
6191,1,0,7468.5,0.0,0.0,20180803150000,0
6193,1,0,7464.6,0.0,0.0,20180803153000,0
6202,1,0,7519.1,0.0,0.0,20180803174500,0
6203,1,0,7529.1,0.0,0.0,20180803180000,0
6204,1,0,7525.6,0.0,0.0,20180803181500,0
6207,0,1,7473.3,1752.6400000000185,-6.100000000000364,20180803190000,1
6208,0,1,7408.9,0.0,0.0,20180803191500,0
6209,1,0,7402.8,1680.1400000000185,-72.5,20180803193000,1
6210,0,1,7392.9,1688.040000000019,7.900000000000546,20180803194500,1
6211,0,1,7381.0,0.0,0.0,20180803200000,0
6212,0,1,7399.9,0.0,0.0,20180803201500,0
6213,0,1,7388.0,0.0,0.0,20180803203000,0
6214,0,1,7384.3,0.0,0.0,20180803204500,0
6216,1,0,7409.7,1702.8400000000192,14.800000000000182,20180803211500,1
6218,1,0,7437.2,0.0,0.0,20180803214500,0
6224,0,1,7381.0,1729.540000000019,26.699999999999818,20180803231500,1
6225,1,0,7415.7,1762.2400000000189,32.69999999999982,20180803233000,1
6229,0,1,7417.9,1758.040000000019,-4.199999999999818,20180804003000,1
6231,1,0,7458.6,1796.7400000000198,38.70000000000073,20180804010000,1
6233,1,0,7447.6,0.0,0.0,20180804013000,0
6234,1,0,7462.7,0.0,0.0,20180804014500,0
6254,0,1,7410.2,1843.1400000000203,46.400000000000546,20180804064500,1
6261,1,0,7479.8,1910.7400000000207,67.60000000000036,20180804083000,1
6269,0,1,7410.4,1978.1400000000212,67.40000000000055,20180804103000,1
6270,0,1,7413.6,0.0,0.0,20180804104500,0
6271,0,1,7405.0,0.0,0.0,20180804110000,0
6272,0,1,7387.1,0.0,0.0,20180804111500,0
6276,0,1,7369.6,0.0,0.0,20180804121500,0
6277,0,1,7367.1,0.0,0.0,20180804123000,0
6278,0,1,7310.0,0.0,0.0,20180804124500,0
6279,0,1,7253.2,0.0,0.0,20180804130000,0
6280,1,0,7260.0,1825.7400000000216,-152.39999999999964,20180804131500,1
6281,0,1,7255.5,1828.2400000000216,2.5,20180804133000,1
6283,0,1,7254.0,0.0,0.0,20180804140000,0
6284,0,1,7240.0,0.0,0.0,20180804141500,0
6285,0,1,7081.0,0.0,0.0,20180804143000,0
6286,1,0,7066.7,1637.4400000000214,-190.80000000000018,20180804144500,1
6287,0,1,7058.6,1643.5400000000209,6.099999999999454,20180804150000,1
6288,0,1,7060.6,0.0,0.0,20180804151500,0
6289,0,1,6973.8,0.0,0.0,20180804153000,0
6290,0,1,6999.9,0.0,0.0,20180804154500,0
6291,0,1,6982.0,0.0,0.0,20180804160000,0
6292,0,1,7003.4,0.0,0.0,20180804161500,0
6293,0,1,7030.3,0.0,0.0,20180804163000,0
6294,0,1,7000.6,0.0,0.0,20180804164500,0
6295,0,1,6987.15,0.0,0.0,20180804170000,0
6296,0,1,6994.3,0.0,0.0,20180804171500,0
6297,0,1,6950.0,0.0,0.0,20180804173000,0
6298,1,0,6982.1,1565.0400000000209,-78.5,20180804174500,1
6301,1,0,7004.07,0.0,0.0,20180804183000,0
6302,0,1,6985.4,1559.7400000000216,-5.299999999999272,20180804184500,1
6305,1,0,7003.1,1575.4400000000223,15.700000000000728,20180804193000,1
6314,1,0,7024.4,0.0,0.0,20180804214500,0
6326,0,1,6985.5,1591.0400000000227,15.600000000000364,20180805004500,1
6327,0,1,6920.0,0.0,0.0,20180805010000,0
6328,1,0,6907.0,1510.5400000000227,-80.5,20180805011500,1
6329,1,0,6979.7,0.0,0.0,20180805013000,0
6330,0,1,6937.5,1478.0400000000227,-32.5,20180805014500,1
6331,0,1,6932.8,0.0,0.0,20180805020000,0
6332,0,1,6929.0,0.0,0.0,20180805021500,0
6333,1,0,6932.8,1471.3400000000229,-6.699999999999818,20180805023000,1
6334,0,1,6961.76,1440.3800000000228,-30.960000000000036,20180805024500,1
6336,1,0,6967.2,1443.8200000000224,3.4399999999996,20180805031500,1
6338,1,0,7000.0,0.0,0.0,20180805034500,0
6339,1,0,7004.0,0.0,0.0,20180805040000,0
6342,1,0,6990.2,0.0,0.0,20180805044500,0
6354,0,1,6967.9,1441.1200000000226,-2.699999999999818,20180805074500,1
6355,0,1,6950.0,0.0,0.0,20180805080000,0
6357,1,0,6999.8,1471.0200000000232,29.900000000000546,20180805083000,1
6362,1,0,7009.0,0.0,0.0,20180805094500,0
6363,1,0,7070.1,0.0,0.0,20180805100000,0
6365,1,0,7063.0,0.0,0.0,20180805103000,0
6367,1,0,7047.1,0.0,0.0,20180805110000,0
6373,1,0,7056.8,0.0,0.0,20180805123000,0
6377,0,1,6961.8,1507.0200000000232,36.0,20180805133000,1
6378,1,0,6983.3,1526.5200000000232,19.5,20180805134500,1
6379,0,1,6970.0,1537.8200000000234,11.300000000000182,20180805140000,1
6380,0,1,6966.4,0.0,0.0,20180805141500,0
6381,0,1,6931.1,0.0,0.0,20180805143000,0
6382,0,1,6930.2,0.0,0.0,20180805144500,0
6383,0,1,6926.6,0.0,0.0,20180805150000,0
6384,1,0,6990.1,1555.9200000000237,18.100000000000364,20180805151500,1
6385,1,0,7039.97,0.0,0.0,20180805153000,0
6386,0,1,7017.2,1526.8200000000243,-29.099999999999454,20180805154500,1
6387,1,0,7001.1,1508.7200000000248,-18.099999999999454,20180805160000,1
6388,1,0,7017.9,0.0,0.0,20180805161500,0
6389,1,0,7013.8,0.0,0.0,20180805163000,0
6390,0,1,7020.7,1487.1200000000254,-21.599999999999454,20180805164500,1
6392,0,1,6967.5,0.0,0.0,20180805171500,0
6393,0,1,6966.8,0.0,0.0,20180805173000,0
6399,1,0,7019.1,1483.520000000026,-3.5999999999994543,20180805190000,1
6400,1,0,7036.1,0.0,0.0,20180805191500,0
6408,1,0,7064.8,0.0,0.0,20180805211500,0
6412,0,1,7012.7,1487.9200000000264,4.400000000000546,20180805221500,1
6420,1,0,7066.9,1540.1200000000263,52.19999999999982,20180806001500,1
6424,1,0,7059.0,0.0,0.0,20180806011500,0
6426,1,0,7134.8,0.0,0.0,20180806014500,0
6428,1,0,7135.22,0.0,0.0,20180806021500,0
6429,1,0,7130.0,0.0,0.0,20180806023000,0
6430,1,0,7133.6,0.0,0.0,20180806024500,0
6435,0,1,7092.8,1512.2200000000257,-27.900000000000546,20180806040000,1
6436,0,1,7099.0,0.0,0.0,20180806041500,0
6439,0,1,7079.1,0.0,0.0,20180806050000,0
6441,0,1,7068.0,0.0,0.0,20180806053000,0
6450,0,1,7024.9,0.0,0.0,20180806074500,0
6451,1,0,7014.3,1431.7200000000257,-80.5,20180806080000,1
6452,0,1,6988.87,1455.150000000026,23.43000000000029,20180806081500,1
6453,0,1,6980.0,0.0,0.0,20180806083000,0
6454,0,1,6982.3,0.0,0.0,20180806084500,0
6455,0,1,6970.7,0.0,0.0,20180806090000,0
6456,0,1,6994.6,0.0,0.0,20180806091500,0
6457,0,1,6988.1,0.0,0.0,20180806093000,0
6458,0,1,6979.07,0.0,0.0,20180806094500,0
6466,0,1,6949.3,0.0,0.0,20180806114500,0
